Elapsed time,vals
0,11.313
0.002,10.829
0.004,10.222
0.006,8.58
0.008,6.234
0.01,3.574
0.012,1.517
0.014,0.011
0.016,-0.888
0.018,-0.133
0.02,0.959
0.022,2.053
0.024,2.517
0.026,2.482
0.028,1.529
0.03,0.251
0.032,-1.627
0.034,-3.941
0.036,-6.093
0.038,-8.042
0.04,-9.616
0.042,-11.3
0.044,-11.73
0.046,-11.775
0.048,-11.564
0.05,-10.942
0.052,-10.028
0.054,-8.865
0.056,-8.365
0.058,-8.228
0.06,-8.031
0.062,-7.564
0.064,-6.987
0.066,-4.952
0.068,-3.613
0.07,-2.452
0.072,-0.989
0.074,-0.499
0.076,0.271
0.078,1.472
0.08,3.039
0.082,4.14
0.084,6.225
0.086,7.508
0.088,8.051
0.09,7.692
0.092,6.721
0.094,5.639
0.096,4.178
0.098,2.73
0.1,0.962
0.102,0.499
0.104,-0.426
0.106,-1.025
0.108,-1.115
0.11,-1.188
0.112,-0.659
0.114,0.152
0.116,1.061
0.118,2.07
0.12,2.761
0.122,2.868
0.124,2.508
0.126,2.03
0.128,1.703
0.13,1.396
0.132,0.424
0.134,0.079
0.136,-1.144
0.138,-3.389
0.14,-4.976
0.142,-7.39
0.144,-9.2
0.146,-10.858
0.148,-11.521
0.15,-11.965
0.152,-10.859
0.154,-9.004
0.156,-6.613
0.158,-4.843
0.16,-3.377
0.162,-2.867
0.164,-2.713
0.166,-2.24
0.168,-2.298
0.17,-3.196
0.172,-4.009
0.174,-3.981
0.176,-4.506
0.178,-5.152
0.18,-5.931
0.182,-6.216
0.184,-6.244
0.186,-7.113
0.188,-6.909
0.19,-6.192
0.192,-5.57
0.194,-4.992
0.196,-3.82
0.198,-2.589
0.2,-2.155
0.202,-1.562
0.204,-0.502
0.206,0.031
0.208,0.989
0.21,1.575
0.212,2.982
0.214,3.847
0.216,4.497
0.218,4.174
0.22,4.906
0.222,5.02
0.224,3.547
0.226,3.039
0.228,1.759
0.23,-0.207
0.232,-1.899
0.234,-3.135
0.236,-3.989
0.238,-4.347
0.24,-3.531
0.242,-3.239
0.244,-2.754
0.246,-0.776
0.248,-0.026
0.25,-0.015
0.252,-0.391
0.254,-0.996
0.256,-3.368
0.258,-5.56
0.26,-8.643
0.262,-10.428
0.264,-12.697
0.266,-14.298
0.268,-14.692
0.27,-15.911
0.272,-16.612
0.274,-17.522
0.276,-18.501
0.278,-19.392
0.28,-19.424
0.282,-19.613
0.284,-18.951
0.286,-16.812
0.288,-14.193
0.29,-10.55
0.292,-5.721
0.294,-2.105
0.296,0.695
0.298,3.023
0.3,3.965
0.302,4.184
0.304,3.611
0.306,3.376
0.308,2.478
0.31,2.198
0.312,2.239
0.314,2.271
0.316,2.024
0.318,1.522
0.32,0.418
0.322,-1.288
0.324,-3.693
0.326,-7.279
0.328,-10.529
0.33,-14.043
0.332,-16.206
0.334,-17.425
0.336,-17.699
0.338,-16.002
0.34,-13.271
0.342,-10.122
0.344,-6.71
0.346,-4.015
0.348,-1.943
0.35,-1.224
0.352,-0.782
0.354,-0.435
0.356,0.175
0.358,0.697
0.36,2.012
0.362,2.886
0.364,3.143
0.366,2.79
0.368,1.609
0.37,0.264
0.372,-0.781
0.374,-1.142
0.376,-1.531
0.378,-0.973
0.38,-0.951
0.382,-0.826
0.384,-0.953
0.386,-1.018
0.388,-0.945
0.39,-0.82
0.392,-0.046
0.394,0.989
0.396,3.094
0.398,5.277
0.4,8.444
0.402,11.172
0.404,14.293
0.406,16.4
0.408,17.094
0.41,16.673
0.412,14.031
0.414,10.681
0.416,7.363
0.418,4.104
0.42,1.901
0.422,0.146
0.424,0.236
0.426,1.627
0.428,4.095
0.43,7.579
0.432,10.818
0.434,12.482
0.436,13.267
0.438,12.66
0.44,9.714
0.442,6.467
0.444,3.334
0.446,1.546
0.448,-0.536
0.45,-1.194
0.452,-1.807
0.454,-2.509
0.456,-1.926
0.458,-2.338
0.46,-1.056
0.462,1.226
0.464,3.222
0.466,6.659
0.468,9.335
0.47,11.098
0.472,12.68
0.474,13.634
0.476,12.971
0.478,12.176
0.48,10.363
0.482,8.505
0.484,5.768
0.486,2.911
0.488,-0.734
0.49,-4.349
0.492,-6.372
0.494,-8.317
0.496,-8.052
0.498,-7.663
0.5,-5.764
0.502,-3.042
0.504,-0.129
0.506,2.187
0.508,4.028
0.51,5.064
0.512,5.669
0.514,5.441
0.516,4.343
0.518,2.68
0.52,0.757
0.522,-1.569
0.524,-4.179
0.526,-6.226
0.528,-7.93
0.53,-8.713
0.532,-8.792
0.534,-8.006
0.536,-6.757
0.538,-5.597
0.54,-5.066
0.542,-4.717
0.544,-5.217
0.546,-6.124
0.548,-6.53
0.55,-6.821
0.552,-6.372
0.554,-5.256
0.556,-4.359
0.558,-2.76
0.56,-1.285
0.562,-1.018
0.564,-0.096
0.566,0.611
0.568,1.674
0.57,2.702
0.572,2.893
0.574,3.871
0.576,3.275
0.578,2.293
0.58,-0.479
0.582,-2.868
0.584,-5.152
0.586,-7.1
0.588,-7.905
0.59,-7.921
0.592,-7.346
0.594,-5.726
0.596,-3.541
0.598,-1.376
0.6,1.564
0.602,3.849
0.604,5.99
0.606,7.771
0.608,8.531
0.61,7.836
0.612,8.163
0.614,6.962
0.616,5.679
0.618,4.362
0.62,2.198
0.622,-0.017
0.624,-1.032
0.626,-4.004
0.628,-7.005
0.63,-10.077
0.632,-14.249
0.634,-18.156
0.636,-21.762
0.638,-23.708
0.64,-25.098
0.642,-24.443
0.644,-22.872
0.646,-20.177
0.648,-18.16
0.65,-16.456
0.652,-15.743
0.654,-15.643
0.656,-16.067
0.658,-16.737
0.66,-16.145
0.662,-15.532
0.664,-14.23
0.666,-12.481
0.668,-10.093
0.67,-7.556
0.672,-5.2
0.674,-2.843
0.676,-1.294
0.678,-1.337
0.68,-2.123
0.682,-4.019
0.684,-6.169
0.686,-7.781
0.688,-8.937
0.69,-8.435
0.692,-7.592
0.694,-5.763
0.696,-3.872
0.698,-2.496
0.7,-1.816
0.702,-1.494
0.704,-1.35
0.706,-2.106
0.708,-3.239
0.71,-4.798
0.712,-6.875
0.714,-8.771
0.716,-10.632
0.718,-11.769
0.72,-13.062
0.722,-13.466
0.724,-14.814
0.726,-15.795
0.728,-17.512
0.73,-18.035
0.732,-19.497
0.734,-20.069
0.736,-19.823
0.738,-19.123
0.74,-17.449
0.742,-15.601
0.744,-12.987
0.746,-10.36
0.748,-8.233
0.75,-6.057
0.752,-4.664
0.754,-3.687
0.756,-3.409
0.758,-1.964
0.76,-0.843
0.762,0.93
0.764,2.941
0.766,4.658
0.768,6.208
0.77,7.267
0.772,6.74
0.774,6.913
0.776,4.971
0.778,2.148
0.78,-0.914
0.782,-3.622
0.784,-6.337
0.786,-8.88
0.788,-10.818
0.79,-11.637
0.792,-12.596
0.794,-12.645
0.796,-12.662
0.798,-12.996
0.8,-13.476
0.802,-13.91
0.804,-14.944
0.806,-16.062
0.808,-17.486
0.81,-18.017
0.812,-18.756
0.814,-18.816
0.816,-17.829
0.818,-16.792
0.82,-14.789
0.822,-12.747
0.824,-10.917
0.826,-9.421
0.828,-8.706
0.83,-8.484
0.832,-9.047
0.834,-9.071
0.836,-9.575
0.838,-9.322
0.84,-10.314
0.842,-11.079
0.844,-12.551
0.846,-14.86
0.848,-17.139
0.85,-19.378
0.852,-20.589
0.854,-20.637
0.856,-19.95
0.858,-18.542
0.86,-15.829
0.862,-13.392
0.864,-10.521
0.866,-7.508
0.868,-4.636
0.87,-2.99
0.872,-0.655
0.874,-0.163
0.876,0.688
0.878,1.037
0.88,0.647
0.882,-1.046
0.884,-2.851
0.886,-5.892
0.888,-8.206
0.89,-10.184
0.892,-11.489
0.894,-11.74
0.896,-11.435
0.898,-11.414
0.9,-11.725
0.902,-12.3
0.904,-12.913
0.906,-13.493
0.908,-13.604
0.91,-13.155
0.912,-12.975
0.914,-12.657
0.916,-11.965
0.918,-11.595
0.92,-10.224
0.922,-7.803
0.924,-4.39
0.926,-0.113
0.928,4.429
0.93,8.228
0.932,10.893
0.934,11.561
0.936,10.927
0.938,9.599
0.94,7.705
0.942,5.448
0.944,3.956
0.946,2.898
0.948,2.312
0.95,1.727
0.952,2.083
0.954,2.575
0.956,2.816
0.958,3.423
0.96,3.768
0.962,4.127
0.964,4.619
0.966,3.994
0.968,4.195
0.97,3.879
0.972,4.406
0.974,5.541
0.976,6.793
0.978,8.909
0.98,9.196
0.982,10.409
0.984,10.364
0.986,9.965
0.988,9.234
0.99,9.523
0.992,8.811
0.994,8.617
0.996,8.344
0.998,7.748
1,7.097
1.002,6.682
1.004,6.549
1.006,7.674
1.008,9.169
1.01,11.056
1.012,12.706
1.014,14.417
1.016,15.002
1.018,15.872
1.02,15.422
1.022,14.638
1.024,13.411
1.026,11.934
1.028,10.934
1.03,9.511
1.032,7.767
1.034,6.88
1.036,5.111
1.038,4.488
1.04,2.63
1.042,1.956
1.044,1.326
1.046,1.039
1.048,1.318
1.05,1.391
1.052,0.16
1.054,0.034
1.056,-0.501
1.058,-0.745
1.06,-0.667
1.062,0.058
1.064,0.795
1.066,2.002
1.068,2.525
1.07,2.785
1.072,2.885
1.074,2.542
1.076,1.817
1.078,1.804
1.08,1.273
1.082,0.646
1.084,0.377
1.086,-0.452
1.088,-2.222
1.09,-2.556
1.092,-3.655
1.094,-3.499
1.096,-3.732
1.098,-3.712
1.1,-3.73
1.102,-4.903
1.104,-5.991
1.106,-7.92
1.108,-9.603
1.11,-10.845
1.112,-11.578
1.114,-10.657
1.116,-9.106
1.118,-6.483
1.12,-3.419
1.122,-0.86
1.124,1.273
1.126,2.346
1.128,3.457
1.13,3.451
1.132,3.165
1.134,2.556
1.136,1.765
1.138,0.153
1.14,-1.976
1.142,-3.967
1.144,-5.657
1.146,-6.612
1.148,-6.878
1.15,-6.066
1.152,-4.664
1.154,-3.482
1.156,-2.097
1.158,-0.028
1.16,1.429
1.162,3.392
1.164,4.758
1.166,5.649
1.168,5.391
1.17,4.207
1.172,2.918
1.174,1.266
1.176,-0.026
1.178,-1.029
1.18,-1.051
1.182,-0.247
1.184,0.555
1.186,1.664
1.188,2.69
1.19,3.038
1.192,3.021
1.194,2.117
1.196,1.218
1.198,0.621
1.2,-0.084
1.202,0.082
1.204,0.638
1.206,1.301
1.208,2.894
1.21,4.872
1.212,6.093
1.214,8.122
1.216,9.507
1.218,10.876
1.22,12.026
1.222,12.026
1.224,12.321
1.226,12.322
1.228,12.701
1.23,12.603
1.232,12.284
1.234,12.259
1.236,11.009
1.238,9.813
1.24,8.187
1.242,7.349
1.244,6.428
1.246,6.494
1.248,6.773
1.25,7.566
1.252,8.339
1.254,9.971
1.256,10.951
1.258,12.348
1.26,12.952
1.262,12.416
1.264,11.667
1.266,10.186
1.268,9.6
1.27,8.818
1.272,9.028
1.274,9.211
1.276,9.368
1.278,9.518
1.28,9.062
1.282,7.7
1.284,6.038
1.286,4.72
1.288,3.707
1.29,2.775
1.292,2.763
1.294,2.79
1.296,3.666
1.298,4.462
1.3,4.982
1.302,5.318
1.304,5.192
1.306,5.018
1.308,3.653
1.31,2.388
1.312,0.697
1.314,-1.003
1.316,-2.207
1.318,-3.008
1.32,-2.31
1.322,-0.608
1.324,1.153
1.326,2.476
1.328,3.376
1.33,3.297
1.332,3.019
1.334,2.147
1.336,1.611
1.338,0.856
1.34,1.465
1.342,2.478
1.344,4.174
1.346,5.674
1.348,7.409
1.35,8.657
1.352,9.071
1.354,9.186
1.356,8.906
1.358,9.11
1.36,8.739
1.362,9.03
1.364,8.935
1.366,8.796
1.368,8.864
1.37,8.608
1.372,7.95
1.374,6.349
1.376,4.06
1.378,1.526
1.38,-1.318
1.382,-3.513
1.384,-5.229
1.386,-5.824
1.388,-5.293
1.39,-4.562
1.392,-3.954
1.394,-2.542
1.396,-2.087
1.398,-2.433
1.4,-2.808
1.402,-4.312
1.404,-4.6
1.406,-4.641
1.408,-4.522
1.41,-3.367
1.412,-2.419
1.414,-0.629
1.416,0.651
1.418,1.805
1.42,2.179
1.422,2.331
1.424,2.024
1.426,1.74
1.428,1.111
1.43,0.561
1.432,-0.023
1.434,0.032
1.436,0.103
1.438,-0.12
1.44,0.499
1.442,-0.523
1.444,-1.658
1.446,-2.744
1.448,-4.19
1.45,-5.786
1.452,-5.892
1.454,-5.767
1.456,-4.118
1.458,-1.315
1.46,0.958
1.462,3.818
1.464,5.116
1.466,5.966
1.468,5.138
1.47,3.605
1.472,1.888
1.474,0.05
1.476,-0.833
1.478,-1.103
1.48,-1.204
1.482,-0.46
1.484,0.199
1.486,0.984
1.488,1.389
1.49,1.762
1.492,1.48
1.494,0.359
1.496,-1.757
1.498,-3.703
1.5,-5.83
1.502,-7.425
1.504,-8.467
1.506,-8.908
1.508,-8.085
1.51,-6.408
1.512,-3.974
1.514,-1.635
1.516,1.348
1.518,3.234
1.52,5.146
1.522,6.374
1.524,7.018
1.526,6.809
1.528,6.604
1.53,6.275
1.532,5.72
1.534,5.604
1.536,5.548
1.538,5.634
1.54,6.001
1.542,7.467
1.544,9.082
1.546,10.98
1.548,13.073
1.55,14.299
1.552,15.13
1.554,15.302
1.556,15.198
1.558,15.216
1.56,15.099
1.562,14.675
1.564,13.579
1.566,13.007
1.568,12.591
1.57,11.586
1.572,10.782
1.574,9.523
1.576,9.275
1.578,8.125
1.58,7.507
1.582,7.213
1.584,7.14
1.586,7.324
1.588,8.224
1.59,9.418
1.592,10.274
1.594,11.825
1.596,12.106
1.598,12.649
1.6,12.902
1.602,12.701
1.604,12.125
1.606,12.141
1.608,12.803
1.61,13.441
1.612,14.501
1.614,15.513
1.616,15.923
1.618,15.828
1.62,14.612
1.622,13.477
1.624,10.527
1.626,9.011
1.628,7.85
1.63,6.396
1.632,5.657
1.634,4.837
1.636,4.446
1.638,3.647
1.64,3.629
1.642,3.364
1.644,3.313
1.646,3.486
1.648,3.332
1.65,3.249
1.652,2.796
1.654,2.007
1.656,1.643
1.658,0.202
1.66,-0.746
1.662,-2.28
1.664,-3.251
1.666,-4.762
1.668,-6.08
1.67,-7.872
1.672,-9.385
1.674,-10.735
1.676,-11.07
1.678,-10.517
1.68,-8.956
1.682,-6.352
1.684,-3.488
1.686,-0.816
1.688,1.202
1.69,2.754
1.692,3.503
1.694,3.153
1.696,2.959
1.698,1.223
1.7,-0.444
1.702,-2.803
1.704,-5.372
1.706,-7.662
1.708,-9.531
1.71,-10.106
1.712,-9.7
1.714,-8.186
1.716,-6.031
1.718,-3.471
1.72,-0.828
1.722,1.203
1.724,2.842
1.726,4.307
1.728,5.074
1.73,5.483
1.732,5.327
1.734,5.008
1.736,4.17
1.738,3.423
1.74,2.779
1.742,2.916
1.744,3.439
1.746,4.165
1.748,5.813
1.75,7.3
1.752,9.882
1.754,11.864
1.756,14.468
1.758,17.265
1.76,19.637
1.762,20.445
1.764,20.496
1.766,18.796
1.768,15.573
1.77,12.266
1.772,9.315
1.774,6.672
1.776,4.32
1.778,2.367
1.78,-0.041
1.782,-1.159
1.784,-2.491
1.786,-3.31
1.788,-3.34
1.79,-2.716
1.792,-3.626
1.794,-3.846
1.796,-4.238
1.798,-4.612
1.8,-4.446
1.802,-4.165
1.804,-3.642
1.806,-3.566
1.808,-4.253
1.81,-4.407
1.812,-6.382
1.814,-7.871
1.816,-9.73
1.818,-11.456
1.82,-11.705
1.822,-12.221
1.824,-11.841
1.826,-11.714
1.828,-11.109
1.83,-10.22
1.832,-9.392
1.834,-8.72
1.836,-7.819
1.838,-7.443
1.84,-7.521
1.842,-7.243
1.844,-6.229
1.846,-5.26
1.848,-4.239
1.85,-3.492
1.852,-3.392
1.854,-3.667
1.856,-4.8
1.858,-6.149
1.86,-7.663
1.862,-8.498
1.864,-8.813
1.866,-9.091
1.868,-9.121
1.87,-9.35
1.872,-10.602
1.874,-11.931
1.876,-12.334
1.878,-11.815
1.88,-11.729
1.882,-10.488
1.884,-8.602
1.886,-7.159
1.888,-6.01
1.89,-5.671
1.892,-4.676
1.894,-4.027
1.896,-3.158
1.898,-2.523
1.9,-1.959
1.902,-1.792
1.904,-2.759
1.906,-2.545
1.908,-3.356
1.91,-2.532
1.912,-2.441
1.914,-1.484
1.916,-0.234
1.918,0.066
1.92,0.245
1.922,0.404
1.924,0.096
1.926,1.541
1.928,2.12
1.93,4.835
1.932,4.879
1.934,7.199
1.936,9.218
1.938,9.611
1.94,9.667
1.942,9.62
1.944,9.259
1.946,8.139
1.948,7.225
1.95,5.167
1.952,3.635
1.954,2.003
1.956,0.06
1.958,-1.684
1.96,-3.163
1.962,-4.86
1.964,-5.399
1.966,-6.048
1.968,-5.396
1.97,-3.623
1.972,-0.641
1.974,2.855
1.976,6.57
1.978,9.825
1.98,11.787
1.982,12.566
1.984,11.156
1.986,9.245
1.988,7.11
1.99,5.02
1.992,3.014
1.994,2.136
1.996,2.591
1.998,2.877
2,3.671
2.002,3.433
2.004,2.728
2.006,1.628
2.008,0.288
2.01,-1.454
2.012,-3.083
2.014,-4.766
2.016,-5.622
2.018,-5.856
2.02,-7.309
2.022,-7.584
2.024,-8.367
2.026,-7.54
2.028,-7.217
2.03,-6.655
2.032,-6.813
2.034,-7.414
2.036,-7.793
2.038,-7.894
2.04,-6.827
2.042,-6.137
2.044,-3.83
2.046,-1.496
2.048,-0.357
2.05,-0.918
2.052,-2.25
2.054,-5.223
2.056,-7.599
2.058,-9.784
2.06,-10.052
2.062,-9.724
2.064,-7.07
2.066,-4.781
2.068,-2.302
2.07,-0.562
2.072,-0.229
2.074,-0.767
2.076,-2.871
2.078,-4.676
2.08,-6.531
2.082,-9.129
2.084,-10.395
2.086,-11.983
2.088,-12.438
2.09,-13.405
2.092,-13.731
2.094,-14.94
2.096,-16.021
2.098,-16.427
2.1,-17.688
2.102,-18.795
2.104,-19.106
2.106,-17.676
2.108,-16.975
2.11,-14.831
2.112,-11.76
2.114,-8.761
2.116,-4.778
2.118,-3.082
2.12,-2.406
2.122,-3.146
2.124,-4.704
2.126,-7.592
2.128,-10.386
2.13,-11.88
2.132,-12.649
2.134,-12.654
2.136,-11.031
2.138,-8.815
2.14,-6.128
2.142,-4.29
2.144,-2.533
2.146,-2.56
2.148,-3.105
2.15,-4.051
2.152,-5.003
2.154,-5.59
2.156,-5.132
2.158,-4.089
2.16,-3.996
2.162,-3.643
2.164,-3.458
2.166,-3.931
2.168,-4.464
2.17,-4.9
2.172,-5.15
2.174,-4.786
2.176,-4.645
2.178,-3.55
2.18,-2.091
2.182,-0.942
2.184,0.295
2.186,1.19
2.188,1.952
2.19,2.406
2.192,2.82
2.194,2.588
2.196,1.471
2.198,-0.53
2.2,-3.571
2.202,-6.895
2.204,-10.566
2.206,-13.226
2.208,-14.797
2.21,-16.735
2.212,-16.906
2.214,-18.142
2.216,-19.365
2.218,-18.983
2.22,-19.395
2.222,-18.742
2.224,-17.78
2.226,-16.837
2.228,-16.166
2.23,-16.189
2.232,-17.551
2.234,-18.688
2.236,-19.589
2.238,-20.936
2.24,-21.373
2.242,-20.409
2.244,-18.859
2.246,-16.615
2.248,-13.572
2.25,-10.03
2.252,-6.51
2.254,-4.002
2.256,-2.854
2.258,-2.643
2.26,-2.601
2.262,-3.795
2.264,-4.267
2.266,-5.285
2.268,-6.091
2.27,-6.147
2.272,-5.241
2.274,-7.414
2.276,-6.79
2.278,-6.916
2.28,-6.616
2.282,-5.95
2.284,-5.105
2.286,-4.609
2.288,-4.953
2.29,-5.541
2.292,-6.565
2.294,-7.663
2.296,-8.685
2.298,-9.148
2.3,-9.112
2.302,-8.473
2.304,-7.61
2.306,-6.798
2.308,-6.058
2.31,-5.838
2.312,-5.105
2.314,-4.806
2.316,-4.051
2.318,-3.065
2.32,-2.147
2.322,-1.005
2.324,-0.207
2.326,0.059
2.328,-0.354
2.33,-0.319
2.332,-1.061
2.334,-2.383
2.336,-3.979
2.338,-5.861
2.34,-7.995
2.342,-9.698
2.344,-10.674
2.346,-10.581
2.348,-8.849
2.35,-6.44
2.352,-2.561
2.354,1.754
2.356,5.928
2.358,9.823
2.36,12.188
2.362,13.587
2.364,12.821
2.366,10.866
2.368,9.233
2.37,6.67
2.372,5.119
2.374,3.749
2.376,3.857
2.378,4.181
2.38,4.414
2.382,4.321
2.384,4.177
2.386,3.544
2.388,3.042
2.39,2.847
2.392,2.246
2.394,3.026
2.396,2.754
2.398,2.271
2.4,1.964
2.402,1.259
2.404,-0.133
2.406,-1.815
2.408,-3.918
2.41,-6.415
2.412,-8.586
2.414,-10.599
2.416,-11.392
2.418,-11.308
2.42,-9.738
2.422,-8.03
2.424,-5.883
2.426,-3.45
2.428,-2.719
2.43,-1.855
2.432,-1.945
2.434,-2.409
2.436,-2.998
2.438,-3.994
2.44,-5.027
2.442,-5.992
2.444,-6.954
2.446,-6.358
2.448,-4.89
2.45,-2.649
2.452,0.024
2.454,2.902
2.456,4.776
2.458,5.987
2.46,6.486
2.462,6.57
2.464,7.027
2.466,7.622
2.468,8.589
2.47,9.069
2.472,9.663
2.474,9.455
2.476,9.389
2.478,9.137
2.48,8.895
2.482,9.154
2.484,10.077
2.486,11.111
2.488,11.848
2.49,12.076
2.492,10.833
2.494,9.308
2.496,7.632
2.498,5.732
2.5,4.309
2.502,3.304
2.504,2.83
2.506,2.621
2.508,3.279
2.51,3.969
2.512,5.391
2.514,6.808
2.516,8.864
2.518,10.945
2.52,12.79
2.522,14.855
2.524,15.928
2.526,16.456
2.528,16.1
2.53,15.779
2.532,15.684
2.534,15.291
2.536,15.133
2.538,14.793
2.54,16.53
2.542,16.007
2.544,14.334
2.546,14.106
2.548,12.227
2.55,9.432
2.552,8.486
2.554,5.328
2.556,3.035
2.558,0.721
2.56,-0.804
2.562,-3.137
2.564,-4.23
2.566,-7.365
2.568,-6.98
2.57,-6.304
2.572,-5.036
2.574,-2.322
2.576,-1.498
2.578,0.946
2.58,2.053
2.582,3.352
2.584,1.975
2.586,1.498
2.588,-0.095
2.59,-1.414
2.592,-1.824
2.594,-3.49
2.596,-4.833
2.598,-5.401
2.6,-6.525
2.602,-6.971
2.604,-8.328
2.606,-7.885
2.608,-8.795
2.61,-8.718
2.612,-7.422
2.614,-8.925
2.616,-8.353
2.618,-6.494
2.62,-5.351
2.622,-4.01
2.624,-2.12
2.626,-1.488
2.628,-1.687
2.63,-3.875
2.632,-6.65
2.634,-10.222
2.636,-13.06
2.638,-16.942
2.64,-18.139
2.642,-18.607
2.644,-17.49
2.646,-14.851
2.648,-11.871
2.65,-9.714
2.652,-8.723
2.654,-7.35
2.656,-8.303
2.658,-9.776
2.66,-11.894
2.662,-13.223
2.664,-13.411
2.666,-14.689
2.668,-13.463
2.67,-10.92
2.672,-9.668
2.674,-7.066
2.676,-5.413
2.678,-3.707
2.68,-3.111
2.682,-3.277
2.684,-4.805
2.686,-5.826
2.688,-6.786
2.69,-7.139
2.692,-7.303
2.694,-5.494
2.696,-3.996
2.698,-2.11
2.7,-1.506
2.702,-1.707
2.704,-3.014
2.706,-5.723
2.708,-7.356
2.71,-9.177
2.712,-10.109
2.714,-9.791
2.716,-8.523
2.718,-7.315
2.72,-5.687
2.722,-3.985
2.724,-3.625
2.726,-3.38
2.728,-3.151
2.73,-2.828
2.732,-2.177
2.734,-1.364
2.736,-0.299
2.738,1.037
2.74,2.392
2.742,4.062
2.744,5.601
2.746,7.282
2.748,8.222
2.75,9.014
2.752,9.031
2.754,8.597
2.756,7.933
2.758,6.462
2.76,6.401
2.762,6.218
2.764,7.15
2.766,7.945
2.768,10.078
2.77,11.627
2.772,13.551
2.774,13.735
2.776,14.465
2.778,14.059
2.78,16.306
2.782,16.666
2.784,18.145
2.786,20.003
2.788,22.23
2.79,23.812
2.792,24.904
2.794,23.599
2.796,22.127
2.798,21.542
2.8,19.672
2.802,18.827
2.804,17.516
2.806,16.371
2.808,13.852
2.81,11.036
2.812,8.592
2.814,6.588
2.816,5.253
2.818,3.422
2.82,2.361
2.822,0.628
2.824,-0.934
2.826,-2.126
2.828,-3.072
2.83,-3.45
2.832,-3.264
2.834,-2.561
2.836,-1.356
2.838,-0.407
2.84,0.476
2.842,2.078
2.844,3.838
2.846,4.98
2.848,6.535
2.85,7.377
2.852,7.407
2.854,7.151
2.856,6.85
2.858,5.964
2.86,5.704
2.862,5.466
2.864,6.032
2.866,6.952
2.868,7.41
2.87,8.524
2.872,9.659
2.874,9.576
2.876,9.588
2.878,9.48
2.88,11.003
2.882,11.247
2.884,11.639
2.886,11.174
2.888,11.443
2.89,10.625
2.892,10.696
2.894,10.839
2.896,11.55
2.898,12.261
2.9,13.03
2.902,13.158
2.904,13.162
2.906,12.151
2.908,12.016
2.91,11.411
2.912,11.266
2.914,12.19
2.916,13.07
2.918,13.621
2.92,14.753
2.922,15.223
2.924,15.679
2.926,15.614
2.928,15.506
2.93,14.759
2.932,14.001
2.934,11.81
2.936,9.85
2.938,7.432
2.94,5.199
2.942,2.968
2.944,2.196
2.946,1.072
2.948,0.379
2.95,-0.753
2.952,-0.195
2.954,-0.837
2.956,-1.21
2.958,-0.992
2.96,-0.574
2.962,0.125
2.964,0.718
2.966,1.329
2.968,2.122
2.97,3.032
2.972,4.051
2.974,5.32
2.976,7.238
2.978,8.66
2.98,10.676
2.982,11.097
2.984,12.83
2.986,12.923
2.988,12.897
2.99,13.183
2.992,13.678
2.994,14.452
2.996,15.913
2.998,17.211
3,16.601
3.002,14.974
3.004,12.545
3.006,11.172
3.008,9.548
3.01,9.707
3.012,10.496
3.014,11.309
3.016,11.703
3.018,11.134
3.02,9.349
3.022,8.484
3.024,5.936
3.026,4.25
3.028,3.049
3.03,2.491
3.032,2.512
3.034,3.66
3.036,5.288
3.038,7.199
3.04,9.798
3.042,12.893
3.044,14.269
3.046,15.779
3.048,16.788
3.05,16.19
3.052,15.929
3.054,13.492
3.056,10.957
3.058,7.938
3.06,6.653
3.062,5.523
3.064,5.562
3.066,5.241
3.068,6.506
3.07,7.554
3.072,6.454
3.074,6.67
3.076,4.976
3.078,3.072
3.08,1.092
3.082,-0.742
3.084,-1.901
3.086,-3.166
3.088,-3.214
3.09,-3.514
3.092,-3.498
3.094,-3.635
3.096,-3.153
3.098,-4.361
3.1,-3.911
3.102,-4.541
3.104,-4.162
3.106,-4.86
3.108,-4.652
3.11,-4.941
3.112,-5.612
3.114,-5.585
3.116,-5.304
3.118,-4.381
3.12,-3.102
3.122,-1.032
3.124,1.19
3.126,3.317
3.128,5.338
3.13,7.385
3.132,8.991
3.134,10.591
3.136,11.716
3.138,12.283
3.14,12.305
3.142,11.815
3.144,11.309
3.146,10.839
3.148,10.592
3.15,11.245
3.152,12.022
3.154,14.235
3.156,16.951
3.158,19.968
3.16,22.905
3.162,25.225
3.164,25.618
3.166,25.54
3.168,24.335
3.17,22.498
3.172,20.311
3.174,18.722
3.176,18.093
3.178,17.945
3.18,18.619
3.182,19.864
3.184,20.913
3.186,21.68
3.188,20.922
3.19,20.208
3.192,18.322
3.194,15.432
3.196,12.68
3.198,10.45
3.2,9.404
3.202,9.396
3.204,10.643
3.206,12.3
3.208,14.195
3.21,15.49
3.212,16.628
3.214,17.441
3.216,17.286
3.218,16.677
3.22,16.129
3.222,14.68
3.224,13.188
3.226,12.772
3.228,11.406
3.23,11.359
3.232,10.933
3.234,11.841
3.236,12.191
3.238,13.185
3.24,13.651
3.242,14.587
3.244,14.318
3.246,14.408
3.248,14.619
3.25,14.066
3.252,12.95
3.254,11.93
3.256,11.202
3.258,10.251
3.26,9.199
3.262,8.247
3.264,8.097
3.266,7.587
3.268,8.318
3.27,8.788
3.272,10.194
3.274,10.961
3.276,11.784
3.278,11.735
3.28,10.891
3.282,10.088
3.284,9.162
3.286,8.136
3.288,7.192
3.29,5.893
3.292,5.842
3.294,5.132
3.296,4.516
3.298,4.099
3.3,3.536
3.302,2.768
3.304,2.838
3.306,2.978
3.308,3.949
3.31,4.585
3.312,5.588
3.314,6.798
3.316,7.422
3.318,5.729
3.32,3.76
3.322,1.61
3.324,-2.133
3.326,-5.122
3.328,-7.297
3.33,-8.109
3.332,-8.248
3.334,-7.381
3.336,-5.859
3.338,-3.946
3.34,-1.823
3.342,0.293
3.344,1.989
3.346,3.537
3.348,4.5
3.35,4.285
3.352,3.76
3.354,2.338
3.356,-0.153
3.358,-2.138
3.36,-3.64
3.362,-4.802
3.364,-5.9
3.366,-6.45
3.368,-6.974
3.37,-8.035
3.372,-9.282
3.374,-10.242
3.376,-11.667
3.378,-12.333
3.38,-13.176
3.382,-13.315
3.384,-13.876
3.386,-14.638
3.388,-14.585
3.39,-14.544
3.392,-13.615
3.394,-11.398
3.396,-8.783
3.398,-5.705
3.4,-2.324
3.402,1.041
3.404,3.948
3.406,7.047
3.408,9.45
3.41,11.321
3.412,12.628
3.414,12.257
3.416,10.958
3.418,7.871
3.42,4.414
3.422,0.005
3.424,-3.231
3.426,-5.407
3.428,-7.316
3.43,-7.82
3.432,-6.927
3.434,-5.172
3.436,-3.489
3.438,-0.833
3.44,1.69
3.442,3.973
3.444,5.436
3.446,5.82
3.448,5.722
3.45,4.241
3.452,3.432
3.454,2.452
3.456,2.064
3.458,1.587
3.46,2.267
3.462,2.968
3.464,2.904
3.466,2.083
3.468,0.056
3.47,-2.102
3.472,-4.25
3.474,-7.934
3.476,-9.2
3.478,-10.226
3.48,-9.912
3.482,-10.568
3.484,-11.092
3.486,-12.658
3.488,-14.515
3.49,-17.492
3.492,-20.888
3.494,-24.631
3.496,-26.046
3.498,-27.495
3.5,-25.503
3.502,-23.093
3.504,-19.362
3.506,-15.46
3.508,-10.864
3.51,-6.055
3.512,-3.563
3.514,-1.94
3.516,-1.06
3.518,-1.956
3.52,-3.084
3.522,-5.258
3.524,-8.197
3.526,-9.948
3.528,-12.428
3.53,-15.093
3.532,-16.285
3.534,-16.954
3.536,-17.593
3.538,-19.084
3.54,-18.188
3.542,-17.335
3.544,-16.672
3.546,-14.946
3.548,-13.182
3.55,-10.997
3.552,-10.406
3.554,-8.758
3.556,-7.728
3.558,-7.271
3.56,-7.41
3.562,-7.454
3.564,-8.336
3.566,-8.223
3.568,-6.969
3.57,-6.726
3.572,-6.516
3.574,-6.57
3.576,-8.31
3.578,-10.178
3.58,-11.64
3.582,-12.989
3.584,-12.832
3.586,-11.43
3.588,-8.146
3.59,-5.319
3.592,-1.327
3.594,1.981
3.596,4.365
3.598,4.181
3.6,4.998
3.602,2.882
3.604,2.037
3.606,-0.081
3.608,-0.032
3.61,-0.627
3.612,0.67
3.614,1.386
3.616,1.849
3.618,1.387
3.62,0.804
3.622,-1.248
3.624,-3.924
3.626,-5.149
3.628,-6.766
3.63,-7.685
3.632,-8.893
3.634,-8.559
3.636,-8.206
3.638,-7.427
3.64,-5.746
3.642,-5.427
3.644,-5.078
3.646,-5.212
3.648,-7.589
3.65,-9.529
3.652,-11.442
3.654,-12.644
3.656,-13.285
3.658,-12.697
3.66,-11.477
3.662,-10.071
3.664,-8.891
3.666,-8.578
3.668,-8.967
3.67,-10.235
3.672,-12.274
3.674,-14.091
3.676,-15.828
3.678,-17.451
3.68,-18.674
3.682,-18.789
3.684,-19.016
3.686,-18.666
3.688,-17.889
3.69,-16.021
3.692,-13.338
3.694,-10.389
3.696,-6.854
3.698,-3.503
3.7,-1.118
3.702,0.435
3.704,0.951
3.706,-0.196
3.708,-1.604
3.71,-3.419
3.712,-4.62
3.714,-5.358
3.716,-5.715
3.718,-5.944
3.72,-6.124
3.722,-6.718
3.724,-7.464
3.726,-8.673
3.728,-10.212
3.73,-11.71
3.732,-13.113
3.734,-15.321
3.736,-17.351
3.738,-17.668
3.74,-18.003
3.742,-18.795
3.744,-16.874
3.746,-16.704
3.748,-16.215
3.75,-16.84
3.752,-17.242
3.754,-18.765
3.756,-20.311
3.758,-20.928
3.76,-20.62
3.762,-19.117
3.764,-17.417
3.766,-15.055
3.768,-11.761
3.77,-7.745
3.772,-4.632
3.774,-2.692
3.776,-0.613
3.778,0.295
3.78,-0.167
3.782,0.065
3.784,-1.136
3.786,-1.954
3.788,-3.908
3.79,-5.335
3.792,-6.709
3.794,-8.255
3.796,-9.34
3.798,-9.693
3.8,-9.571
3.802,-8.705
3.804,-8.035
3.806,-7.538
3.808,-7.385
3.81,-7.584
3.812,-8.365
3.814,-9.837
3.816,-11.271
3.818,-12.832
3.82,-13.863
3.822,-14.393
3.824,-14.115
3.826,-13.691
3.828,-12.951
3.83,-11.438
3.832,-10.468
3.834,-9.718
3.836,-10.03
3.838,-11.869
3.84,-14.509
3.842,-17.783
3.844,-21.02
3.846,-22.83
3.848,-24.953
3.85,-25.794
3.852,-25.304
3.854,-25.091
3.856,-24.813
3.858,-24.789
3.86,-24.365
3.862,-25.174
3.864,-24.064
3.866,-23.381
3.868,-21.139
3.87,-20.568
3.872,-18.786
3.874,-17.772
3.876,-17.491
3.878,-17.584
3.88,-18.148
3.882,-18.426
3.884,-18.785
3.886,-18.969
3.888,-18.795
3.89,-18.137
3.892,-17.249
3.894,-17.425
3.896,-16.683
3.898,-16.931
3.9,-16.703
3.902,-17.21
3.904,-17.932
3.906,-19.169
3.908,-20.646
3.91,-20.715
3.912,-19.832
3.914,-17.393
3.916,-14.278
3.918,-10.682
3.92,-7.66
3.922,-4.544
3.924,-3.37
3.926,-2.983
3.928,-3.962
3.93,-5.919
3.932,-7.577
3.934,-8.263
3.936,-9.115
3.938,-9.579
3.94,-9.21
3.942,-9.619
3.944,-10.404
3.946,-10.028
3.948,-11.295
3.95,-10.722
3.952,-10.823
3.954,-10.256
3.956,-10.238
3.958,-9.088
3.96,-8.534
3.962,-7.354
3.964,-4.951
3.966,-3.009
3.968,-0.83
3.97,1.49
3.972,2.89
3.974,3.864
3.976,3.98
3.978,4.272
3.98,4.297
3.982,3.944
3.984,3.59
3.986,3.113
3.988,2.801
3.99,1.967
3.992,0.975
3.994,-0.395
3.996,-0.145
3.998,0.639
4,2.724
4.002,5.901
4.004,9.294
4.006,11.3
4.008,13.179
4.01,14.205
4.012,14.146
4.014,13.391
4.016,12.718
4.018,11.74
4.02,11.029
4.022,10.757
4.024,10.174
4.026,10.37
4.028,10.635
4.03,11.414
4.032,11.924
4.034,13.041
4.036,14.127
4.038,14.867
4.04,15.667
4.042,15.804
4.044,16.117
4.046,15.877
4.048,15.937
4.05,16.121
4.052,16.535
4.054,17.284
4.056,19.131
4.058,19.422
4.06,19.949
4.062,20.267
4.064,21.516
4.066,21.713
4.068,22.487
4.07,23.997
4.072,23.469
4.074,22.97
4.076,21.952
4.078,20.249
4.08,17.357
4.082,15.493
4.084,14.153
4.086,13.279
4.088,12.391
4.09,12.939
4.092,13.164
4.094,14.576
4.096,15.561
4.098,15.8
4.1,16.715
4.102,15.102
4.104,13.433
4.106,11.46
4.108,9.493
4.11,8.402
4.112,7.38
4.114,7.746
4.116,8.049
4.118,9.311
4.12,10.248
4.122,11.147
4.124,10.924
4.126,10.811
4.128,11.757
4.13,12.292
4.132,12.946
4.134,13.476
4.136,13.519
4.138,13.919
4.14,14.059
4.142,14.04
4.144,14.87
4.146,14.776
4.148,15.505
4.15,16.219
4.152,16.154
4.154,15.361
4.156,14.81
4.158,13.272
4.16,12.226
4.162,10.757
4.164,10.562
4.166,9.499
4.168,9.776
4.17,9.285
4.172,9.671
4.174,10.109
4.176,9.919
4.178,10.1
4.18,9.973
4.182,10.014
4.184,9.821
4.186,9.218
4.188,8.148
4.19,6.53
4.192,4.887
4.194,3.388
4.196,2.146
4.198,1.363
4.2,1.111
4.202,2.181
4.204,3.03
4.206,4.492
4.208,5.892
4.21,7.829
4.212,10.126
4.214,11.141
4.216,11.9
4.218,13.122
4.22,13.544
4.222,14.253
4.224,14.483
4.226,14.072
4.228,12.824
4.23,10.796
4.232,8.866
4.234,6.949
4.236,5.442
4.238,4.738
4.24,4.184
4.242,3.817
4.244,3.308
4.246,2.429
4.248,1.397
4.25,0.087
4.252,-1.379
4.254,-2.196
4.256,-3.267
4.258,-3.425
4.26,-3.966
4.262,-3.157
4.264,-3.287
4.266,-3.117
4.268,-3.767
4.27,-3.769
4.272,-4.492
4.274,-5.653
4.276,-6.375
4.278,-7.705
4.28,-8.606
4.282,-8.858
4.284,-9.648
4.286,-9.279
4.288,-9.064
4.29,-7.839
4.292,-7.345
4.294,-7.781
4.296,-8.189
4.298,-10.275
4.3,-12.408
4.302,-14.62
4.304,-16.982
4.306,-17.908
4.308,-18.23
4.31,-17.774
4.312,-16.954
4.314,-14.743
4.316,-12.748
4.318,-10.214
4.32,-6.881
4.322,-3.786
4.324,-1.079
4.326,0.685
4.328,1.815
4.33,2.626
4.332,2.662
4.334,1.877
4.336,0.426
4.338,-1.889
4.34,-4.873
4.342,-8.419
4.344,-12.047
4.346,-15.321
4.348,-17.68
4.35,-18.891
4.352,-18.488
4.354,-18.184
4.356,-16.543
4.358,-15.124
4.36,-13.96
4.362,-13.79
4.364,-12.033
4.366,-11.399
4.368,-11.107
4.37,-10.533
4.372,-10.512
4.374,-10.54
4.376,-10.525
4.378,-10.506
4.38,-10.502
4.382,-9.256
4.384,-8.317
4.386,-7.264
4.388,-6.466
4.39,-6.235
4.392,-6.351
4.394,-6.104
4.396,-5.56
4.398,-4.715
4.4,-3.072
4.402,-1.799
4.404,-0.438
4.406,-0.433
4.408,-0.746
4.41,-1.005
4.412,-2.435
4.414,-3.329
4.416,-3.724
4.418,-4.492
4.42,-4.893
4.422,-4.656
4.424,-4.588
4.426,-4.028
4.428,-3.234
4.43,-1.351
4.432,-0.268
4.434,0.26
4.436,0.092
4.438,-0.782
4.44,-1.869
4.442,-3.099
4.444,-4.41
4.446,-5.311
4.448,-5.485
4.45,-5.026
4.452,-4.144
4.454,-3.023
4.456,-1.875
4.458,-1.003
4.46,-0.523
4.462,-0.268
4.464,-0.312
4.466,-0.809
4.468,-0.532
4.47,-0.881
4.472,-0.72
4.474,-0.706
4.476,-0.383
4.478,-0.391
4.48,0.104
4.482,0.874
4.484,1.74
4.486,3.21
4.488,4.717
4.49,6.115
4.492,7.296
4.494,7.658
4.496,7.183
4.498,5.747
4.5,3.596
4.502,0.498
4.504,-1.948
4.506,-4.588
4.508,-6.567
4.51,-7.512
4.512,-7.499
4.514,-7.262
4.516,-5.272
4.518,-3.057
4.52,-0.06
4.522,2.978
4.524,5.931
4.526,7.511
4.528,8.184
4.53,7.567
4.532,5.459
4.534,2.925
4.536,-0.044
4.538,-2.854
4.54,-5.648
4.542,-7.378
4.544,-8.331
4.546,-8.533
4.548,-8.039
4.55,-8.24
4.552,-6.671
4.554,-5.943
4.556,-4.889
4.558,-4.092
4.56,-4.086
4.562,-4.01
4.564,-4.912
4.566,-6.118
4.568,-7.605
4.57,-9.398
4.572,-11.049
4.574,-11.662
4.576,-12.292
4.578,-11.458
4.58,-11.718
4.582,-12.051
4.584,-11.995
4.586,-12.86
4.588,-14.008
4.59,-14.746
4.592,-14.827
4.594,-15.145
4.596,-14.1
4.598,-12.718
4.6,-12.883
4.602,-12.848
4.604,-13.299
4.606,-15.094
4.608,-18.426
4.61,-22.209
4.612,-26.691
4.614,-30.177
4.616,-32.387
4.618,-32.242
4.62,-31.436
4.622,-27.911
4.624,-22.742
4.626,-16.089
4.628,-11.652
4.63,-6.602
4.632,-3.994
4.634,-3.104
4.636,-2.7
4.638,-2.035
4.64,-2.45
4.642,-3.498
4.644,-4.519
4.646,-5.262
4.648,-5.064
4.65,-4.476
4.652,-1.772
4.654,1.051
4.656,2.349
4.658,4.226
4.66,5.778
4.662,4.485
4.664,4.359
4.666,3.728
4.668,4.628
4.67,5.528
4.672,6.415
4.674,8.906
4.676,9.444
4.678,9.218
4.68,8.718
4.682,7.295
4.684,4.285
4.686,4.119
4.688,2.648
4.69,3.169
4.692,3.954
4.694,3.982
4.696,4.198
4.698,4.612
4.7,4.289
4.702,4.268
4.704,4.383
4.706,4.198
4.708,3.005
4.71,1.84
4.712,0.054
4.714,-0.973
4.716,-2.786
4.718,-2.369
4.72,-1.291
4.722,0.333
4.724,2.269
4.726,4.367
4.728,5.638
4.73,6.535
4.732,6.734
4.734,6.107
4.736,4.071
4.738,0.766
4.74,-1.668
4.742,-5.615
4.744,-6.662
4.746,-9.682
4.748,-11.464
4.75,-12.608
4.752,-14.082
4.754,-14.941
4.756,-13.975
4.758,-14.501
4.76,-13.182
4.762,-10.253
4.764,-7.189
4.766,-3.97
4.768,0.111
4.77,3.182
4.772,6.063
4.774,8.982
4.776,11.555
4.778,13.113
4.78,13.99
4.782,14.787
4.784,14.696
4.786,13.618
4.788,12.853
4.79,11.312
4.792,10.629
4.794,9.801
4.796,9.363
4.798,9.313
4.8,8.527
4.802,7.255
4.804,6.911
4.806,5.787
4.808,4.779
4.81,4.656
4.812,2.435
4.814,2.216
4.816,1.174
4.818,-0.345
4.82,-1.469
4.822,-2.533
4.824,-3.336
4.826,-3.664
4.828,-3.819
4.83,-2.601
4.832,-1.103
4.834,1.486
4.836,4.046
4.838,6.42
4.84,8.978
4.842,10.34
4.844,11.515
4.846,11.898
4.848,12.267
4.85,12.787
4.852,13.532
4.854,14.37
4.856,14.795
4.858,15.103
4.86,14.963
4.862,13.608
4.864,12.13
4.866,11.542
4.868,9.416
4.87,7.66
4.872,5.437
4.874,3.112
4.876,2.323
4.878,0.394
4.88,0.36
4.882,1.33
4.884,4.624
4.886,7.994
4.888,11.063
4.89,13.527
4.892,15.749
4.894,16.949
4.896,17.69
4.898,17.879
4.9,16.674
4.902,17.521
4.904,17.52
4.906,17.8
4.908,17.861
4.91,16.796
4.912,15.836
4.914,14.563
4.916,12.002
4.918,10.64
4.92,8.548
4.922,7.771
4.924,6.054
4.926,4.742
4.928,3.962
4.93,5.206
4.932,5.47
4.934,6.545
4.936,7.62
4.938,8.629
4.94,9.09
4.942,9.268
4.944,8.983
4.946,8.038
4.948,7.803
4.95,7.488
4.952,7.157
4.954,8.947
4.956,10.102
4.958,12.327
4.96,14.513
4.962,15.746
4.964,16.842
4.966,17.003
4.968,17.405
4.97,17.254
4.972,17.911
4.974,18.237
4.976,17.524
4.978,16.219
4.98,14.032
4.982,11.779
4.984,9.473
4.986,7.68
4.988,6.707
4.99,5.147
4.992,4.359
4.994,3.349
4.996,3.253
4.998,3.22
5,4.584
5.002,6.952
5.004,9.738
5.006,12.175
5.008,16.114
5.01,18.974
5.012,20.314
5.014,22.839
5.016,23.985
5.018,23.978
5.02,24.835
5.022,22.676
5.024,17.374
5.026,11.121
5.028,3.311
5.03,-4.552
5.032,-12.174
5.034,-17.249
5.036,-20.183
5.038,-21.067
5.04,-20.332
5.042,-17.578
5.044,-13.974
5.046,-9.101
5.048,-3.327
5.05,1.429
5.052,5.317
5.054,7.347
5.056,7.453
5.058,6.559
5.06,4.976
5.062,4.116
5.064,3.184
5.066,2.976
5.068,4.346
5.07,5.685
5.072,7.723
5.074,9.289
5.076,10.896
5.078,11.672
5.08,12.1
5.082,13.109
5.084,14.019
5.086,16.011
5.088,18.098
5.09,20.021
5.092,21.183
5.094,22.627
5.096,21.474
5.098,20.614
5.1,16.697
5.102,15.185
5.104,12.861
5.106,10.388
5.108,9.625
5.11,7.938
5.112,7.439
5.114,6.804
5.116,6.095
5.118,4.144
5.12,4.121
5.122,2.379
5.124,0.154
5.126,0.893
5.128,-0.205
5.13,-0.915
5.132,-1.288
5.134,-0.989
5.136,-1.959
5.138,0.058
5.14,1.574
5.142,2.654
5.144,3.111
5.146,5.225
5.148,3.678
5.15,3.002
5.152,2.678
5.154,2.319
5.156,2.917
5.158,3.249
5.16,4.366
5.162,3.846
5.164,3.125
5.166,1.272
5.168,-0.905
5.17,-3.054
5.172,-4.979
5.174,-6.147
5.176,-5.933
5.178,-5.989
5.18,-6.431
5.182,-5.622
5.184,-6.56
5.186,-7.417
5.188,-6.507
5.19,-6.685
5.192,-5.448
5.194,-4.443
5.196,-2.625
5.198,-1.277
5.2,-0.881
5.202,-0.4
5.204,-0.401
5.206,-1.305
5.208,-2.859
5.21,-3.425
5.212,-5.119
5.214,-5.464
5.216,-6.892
5.218,-7.239
5.22,-6.906
5.222,-6.94
5.224,-6.423
5.226,-4.927
5.228,-4.285
5.23,-2.914
5.232,-1.86
5.234,-1.969
5.236,-1.517
5.238,-1.101
5.24,-0.648
5.242,-0.619
5.244,0.965
5.246,2.379
5.248,4.321
5.25,5.036
5.252,4.248
5.254,4.259
5.256,1.356
5.258,-0.202
5.26,-1.646
5.262,-3.276
5.264,-3.681
5.266,-3.683
5.268,-3.023
5.27,-1.629
5.272,-0.847
5.274,1.082
5.276,2.861
5.278,5.295
5.28,8.406
5.282,11.101
5.284,13.13
5.286,15.404
5.288,17.246
5.29,17.994
5.292,17.65
5.294,16.788
5.296,15.045
5.298,13.316
5.3,10.984
5.302,8.778
5.304,6.998
5.306,5.419
5.308,3.912
5.31,2.342
5.312,0.99
5.314,-0.093
5.316,-1.68
5.318,-2.376
5.32,-3.604
5.322,-5.143
5.324,-6.041
5.326,-6.611
5.328,-6.863
5.33,-7.471
5.332,-8.008
5.334,-8.071
5.336,-8
5.338,-8.729
5.34,-9.645
5.342,-11.226
5.344,-11.412
5.346,-13.105
5.348,-14.408
5.35,-14.296
5.352,-15.741
5.354,-16.505
5.356,-16.703
5.358,-16.235
5.36,-16.738
5.362,-16.15
5.364,-15.8
5.366,-15.47
5.368,-16.043
5.37,-16.359
5.372,-17.115
5.374,-16.91
5.376,-16.582
5.378,-15.537
5.38,-14.2
5.382,-12.625
5.384,-11.668
5.386,-11.353
5.388,-11.202
5.39,-11.975
5.392,-12.724
5.394,-13.94
5.396,-13.935
5.398,-13.363
5.4,-13.765
5.402,-13.687
5.404,-13.364
5.406,-13.026
5.408,-12.725
5.41,-12.237
5.412,-11.154
5.414,-10.167
5.416,-9.62
5.418,-8.764
5.42,-9.625
5.422,-10.599
5.424,-11.25
5.426,-13.495
5.428,-14.683
5.43,-15.873
5.432,-16.826
5.434,-17.584
5.436,-18.655
5.438,-19.314
5.44,-19.608
5.442,-19.457
5.444,-18.917
5.446,-17.703
5.448,-15.959
5.45,-13.787
5.452,-11.34
5.454,-9.192
5.456,-7.194
5.458,-5.239
5.46,-4.078
5.462,-3.407
5.464,-3.418
5.466,-3.998
5.468,-4.61
5.47,-5.299
5.472,-6.202
5.474,-7.004
5.476,-7.885
5.478,-9.14
5.48,-10.574
5.482,-11.115
5.484,-11.755
5.486,-10.926
5.488,-9.607
5.49,-7.839
5.492,-5.617
5.494,-4.177
5.496,-2.718
5.498,-1.955
5.5,-1.822
5.502,-2.076
5.504,-1.929
5.506,-1.956
5.508,-1.96
5.51,-1.904
5.512,-2.024
5.514,-1.806
5.516,-1.454
5.518,-0.659
5.52,0.068
5.522,1.112
5.524,2.675
5.526,3.785
5.528,4.227
5.53,3.953
5.532,3.194
5.534,1.92
5.536,0.69
5.538,-1.348
5.54,-2.065
5.542,-3.088
5.544,-3.478
5.546,-3.939
5.548,-4.302
5.55,-3.725
5.552,-3.088
5.554,-1.411
5.556,0.246
5.558,2.252
5.56,4.267
5.562,6.692
5.564,6.87
5.566,7.785
5.568,7.397
5.57,6.827
5.572,6.424
5.574,6.777
5.576,5.833
5.578,4.727
5.58,2.796
5.582,0.147
5.584,-3.185
5.586,-6.472
5.588,-9.584
5.59,-11.815
5.592,-13.071
5.594,-13.712
5.596,-13.135
5.598,-11.824
5.6,-9.758
5.602,-7.003
5.604,-4.121
5.606,-1.456
5.608,1.019
5.61,2.947
5.612,4.655
5.614,5.163
5.616,5.991
5.618,6.104
5.62,6.197
5.622,5.983
5.624,5.991
5.626,5.229
5.628,4.227
5.63,3.334
5.632,1.715
5.634,0.657
5.636,-0.974
5.638,-2.833
5.64,-4.978
5.642,-6.219
5.644,-8.559
5.646,-9.267
5.648,-9.593
5.65,-9.414
5.652,-8.525
5.654,-8.036
5.656,-7.109
5.658,-5.765
5.66,-4.644
5.662,-3.309
5.664,-2.223
5.666,-1.374
5.668,-1.174
5.67,-1.439
5.672,-1.944
5.674,-2.298
5.676,-2.754
5.678,-2.413
5.68,-1.574
5.682,-0.006
5.684,1.624
5.686,3.727
5.688,4.683
5.69,5.584
5.692,4.974
5.694,4.309
5.696,3.189
5.698,1.57
5.7,-0.156
5.702,-0.787
5.704,-1.446
5.706,-1.433
5.708,-0.504
5.71,1.293
5.712,2.871
5.714,4.356
5.716,5.73
5.718,6.205
5.72,6.856
5.722,7.349
5.724,8.433
5.726,10.249
5.728,11.975
5.73,14.423
5.732,16.205
5.734,17.647
5.736,17.688
5.738,16.739
5.74,15.067
5.742,12.449
5.744,9.253
5.746,6.661
5.748,4.545
5.75,3.475
5.752,3.64
5.754,4.788
5.756,6.539
5.758,8.394
5.76,9.014
5.762,10.005
5.764,9.67
5.766,10.172
5.768,10.256
5.77,11.621
5.772,13.394
5.774,15.806
5.776,17.246
5.778,19.424
5.78,20.822
5.782,21.46
5.784,22.305
5.786,22.607
5.788,22.138
5.79,21.506
5.792,21.12
5.794,18.952
5.796,18.489
5.798,17.124
5.8,16.27
5.802,15.198
5.804,14.769
5.806,14.327
5.808,13.583
5.81,12.247
5.812,10.474
5.814,9.242
5.816,8.949
5.818,8.646
5.82,9.697
5.822,11.248
5.824,13.205
5.826,14.883
5.828,14.046
5.83,14.127
5.832,13.139
5.834,11.549
5.836,11.708
5.838,11.539
5.84,12.21
5.842,13.904
5.844,15.593
5.846,16.338
5.848,16.072
5.85,15.714
5.852,14.848
5.854,15.175
5.856,15.358
5.858,16.788
5.86,18.748
5.862,20.509
5.864,22.361
5.866,21.463
5.868,20.376
5.87,18.309
5.872,14.614
5.874,10.046
5.876,5.574
5.878,2.065
5.88,-0.616
5.882,-2.965
5.884,-4.024
5.886,-4.774
5.888,-3.544
5.89,-2.329
5.892,-0.268
5.894,2.043
5.896,4.206
5.898,5.86
5.9,7.126
5.902,7.807
5.904,8.808
5.906,9.612
5.908,11.978
5.91,12.929
5.912,13.311
5.914,14.108
5.916,13.797
5.918,12.387
5.92,10.274
5.922,9.104
5.924,7.46
5.926,7.178
5.928,8.873
5.93,10.542
5.932,12.012
5.934,13.7
5.936,14.394
5.938,14.81
5.94,13.977
5.942,11.882
5.944,9.368
5.946,5.943
5.948,2.671
5.95,0.284
5.952,-1.814
5.954,-2.47
5.956,-2.52
5.958,-1.646
5.96,-0.219
5.962,1.311
5.964,3.253
5.966,4.641
5.968,5.637
5.97,6.45
5.972,6.804
5.974,6.905
5.976,6.618
5.978,6.171
5.98,5.059
5.982,3.368
5.984,1.768
5.986,0.095
5.988,-1.105
5.99,-1.951
5.992,-2.173
5.994,-1.404
5.996,-0.762
5.998,0.75
6,2.385
6.002,3.988
6.004,6.169
6.006,7.525
6.008,8.974
6.01,8.847
6.012,8.714
6.014,7.625
6.016,7.248
6.018,6.727
6.02,6.818
6.022,7.479
6.024,8.109
6.026,9.204
6.028,9.53
6.03,9.908
6.032,9.559
6.034,9.444
6.036,7.955
6.038,6.62
6.04,4.817
6.042,2.307
6.044,0.042
6.046,-1.898
6.048,-2.903
6.05,-2.469
6.052,-1.456
6.054,0.111
6.056,1.772
6.058,3.068
6.06,3.668
6.062,3.896
6.064,3.639
6.066,3.724
6.068,3.752
6.07,3.864
6.072,3.319
6.074,2.895
6.076,2.68
6.078,1.764
6.08,0.648
6.082,0.046
6.084,-0.14
6.086,0.182
6.088,0.907
6.09,1.472
6.092,1.102
6.094,0.794
6.096,-0.148
6.098,-0.649
6.1,-0.261
6.102,0.08
6.104,2.216
6.106,3.691
6.108,5.954
6.11,7.564
6.112,8.586
6.114,9.877
6.116,9.992
6.118,10.202
6.12,9.744
6.122,8.637
6.124,7.691
6.126,6.077
6.128,4.699
6.13,3.154
6.132,2.715
6.134,2.879
6.136,3.888
6.138,4.894
6.14,6.519
6.142,7.926
6.144,8.318
6.146,8.743
6.148,8.892
6.15,8.966
6.152,7.773
6.154,7.391
6.156,7.471
6.158,7.273
6.16,8.712
6.162,8.568
6.164,8.507
6.166,8.842
6.168,5.998
6.17,4.498
6.172,3.482
6.174,1.543
6.176,-0.739
6.178,-2.607
6.18,-3.885
6.182,-5.167
6.184,-5.709
6.186,-5.093
6.188,-4.737
6.19,-2.776
6.192,-1.88
6.194,-0.22
6.196,0.24
6.198,-0.256
6.2,-0.525
6.202,-2.403
6.204,-3.594
6.206,-5.976
6.208,-7.061
6.21,-7.396
6.212,-7.154
6.214,-6.058
6.216,-5.184
6.218,-3.574
6.22,-2.989
6.222,-1.58
6.224,-1.17
6.226,-1.67
6.228,-2.842
6.23,-4.941
6.232,-6.75
6.234,-9.227
6.236,-11.03
6.238,-11.939
6.24,-12.413
6.242,-12.359
6.244,-11.68
6.246,-11.174
6.248,-11.232
6.25,-11.239
6.252,-11.726
6.254,-12.544
6.256,-13.249
6.258,-13.975
6.26,-14.162
6.262,-14.229
6.264,-13.983
6.266,-13.089
6.268,-12.015
6.27,-10.855
6.272,-9.775
6.274,-9.192
6.276,-9.27
6.278,-9.99
6.28,-11.232
6.282,-11.35
6.284,-11.412
6.286,-11.142
6.288,-10.799
6.29,-10.724
6.292,-10.194
6.294,-10.838
6.296,-12.595
6.298,-15.397
6.3,-16.181
6.302,-17.424
6.304,-18.807
6.306,-19.457
6.308,-18.679
6.31,-17.237
6.312,-15.179
6.314,-13.794
6.316,-11.871
6.318,-10.374
6.32,-8.616
6.322,-6.841
6.324,-6.512
6.326,-5.849
6.328,-6.691
6.33,-5.982
6.332,-5.943
6.334,-6.341
6.336,-6.469
6.338,-5.679
6.34,-5.404
6.342,-5.466
6.344,-5.346
6.346,-6.809
6.348,-6.949
6.35,-7.796
6.352,-7.55
6.354,-8.172
6.356,-8.55
6.358,-8.379
6.36,-8.668
6.362,-9.095
6.364,-9.481
6.366,-9.428
6.368,-9.936
6.37,-10.381
6.372,-9.728
6.374,-8.947
6.376,-7.077
6.378,-4.988
6.38,-3.867
6.382,-2.928
6.384,-2.579
6.386,-3.49
6.388,-5.182
6.39,-8.136
6.392,-11.262
6.394,-14.642
6.396,-18.05
6.398,-20.452
6.4,-22.569
6.402,-23.522
6.404,-24.085
6.406,-24.351
6.408,-23.408
6.41,-22.593
6.412,-21.607
6.414,-21.477
6.416,-20.011
6.418,-18.663
6.42,-18.51
6.422,-18.053
6.424,-17.608
6.426,-16.554
6.428,-15.909
6.43,-14.931
6.432,-11.193
6.434,-9.245
6.436,-6.79
6.438,-5.092
6.44,-2.948
6.442,-3.986
6.444,-3.066
6.446,-1.314
6.448,-0.866
6.45,-0.786
6.452,-0.52
6.454,-1.21
6.456,-2.379
6.458,-4.353
6.46,-5.5
6.462,-6.3
6.464,-5.662
6.466,-4.513
6.468,-2.724
6.47,-0.935
6.472,0.393
6.474,1.839
6.476,2.705
6.478,4.186
6.48,5.345
6.482,6.16
6.484,6.097
6.486,3.655
6.488,2.257
6.49,-1.013
6.492,-4.148
6.494,-6.734
6.496,-7.9
6.498,-8.387
6.5,-8.426
6.502,-7.744
6.504,-6.551
6.506,-6.399
6.508,-7.926
6.51,-7.309
6.512,-8.328
6.514,-8.651
6.516,-7.353
6.518,-7.076
6.52,-7.593
6.522,-6.513
6.524,-6.856
6.526,-6.87
6.528,-7.447
6.53,-8.583
6.532,-8.771
6.534,-10.24
6.536,-11.206
6.538,-12.665
6.54,-14.365
6.542,-16.294
6.544,-16.397
6.546,-16.967
6.548,-16.902
6.55,-16.95
6.552,-16.243
6.554,-14.889
6.556,-15.639
6.558,-15.001
6.56,-14.675
6.562,-15.526
6.564,-15.716
6.566,-16.181
6.568,-16.237
6.57,-15.917
6.572,-15.77
6.574,-15.407
6.576,-15.05
6.578,-15.269
6.58,-14.291
6.582,-14.253
6.584,-13.524
6.586,-12.102
6.588,-10.439
6.59,-8.223
6.592,-6.382
6.594,-4.323
6.596,-2.782
6.598,-2.583
6.6,-2.167
6.602,-3.095
6.604,-4.803
6.606,-6.684
6.608,-8.155
6.61,-8.79
6.612,-8.946
6.614,-8.275
6.616,-7.059
6.618,-6.235
6.62,-4.545
6.622,-3.259
6.624,-1.906
6.626,-1.591
6.628,-1.273
6.63,-1.142
6.632,-1.682
6.634,-2.189
6.636,-2.844
6.638,-3.186
6.64,-3.541
6.642,-3.824
6.644,-4.226
6.646,-4.464
6.648,-4.208
6.65,-3.89
6.652,-3.017
6.654,-2.196
6.656,-0.924
6.658,0.107
6.66,1.202
6.662,1.716
6.664,1.956
6.666,1.528
6.668,0.868
6.67,-0.349
6.672,-1.798
6.674,-3.715
6.676,-4.305
6.678,-4.665
6.68,-4.088
6.682,-2.973
6.684,-1.384
6.686,0.072
6.688,1.04
6.69,1.706
6.692,1.838
6.694,1.101
6.696,0.843
6.698,0.163
6.7,-0.55
6.702,-1.2
6.704,-1.19
6.706,-0.802
6.708,-0.194
6.71,0.374
6.712,0.59
6.714,0.048
6.716,-0.825
6.718,-2.575
6.72,-3.704
6.722,-4.284
6.724,-4.426
6.726,-2.851
6.728,-1.733
6.73,0.546
6.732,2.681
6.734,4.349
6.736,5.094
6.738,4.633
6.74,3.339
6.742,1.13
6.744,-0.588
6.746,-3.179
6.748,-4.125
6.75,-5.385
6.752,-5.81
6.754,-6.061
6.756,-5.993
6.758,-5.274
6.76,-4.766
6.762,-3.562
6.764,-2.011
6.766,-0.525
6.768,0.585
6.77,1.939
6.772,2.638
6.774,3.139
6.776,3.928
6.778,5.791
6.78,8.357
6.782,10.76
6.784,14.372
6.786,16.617
6.788,17.266
6.79,16.681
6.792,16.021
6.794,14.222
6.796,11.799
6.798,10.298
6.8,9.189
6.802,8.065
6.804,6.977
6.806,5.713
6.808,4.66
6.81,3.967
6.812,3.432
6.814,4.071
6.816,5.794
6.818,7.512
6.82,8.604
6.822,9.895
6.824,9.311
6.826,8.656
6.828,6.601
6.83,5.281
6.832,3.963
6.834,3.135
6.836,3.585
6.838,4.077
6.84,5.331
6.842,6.47
6.844,7.312
6.846,8.199
6.848,8.796
6.85,9.3
6.852,10.31
6.854,10.833
6.856,11.19
6.858,11.06
6.86,10.58
6.862,9.491
6.864,7.695
6.866,6.6
6.868,6.025
6.87,6.026
6.872,7.393
6.874,8.888
6.876,10.66
6.878,11.569
6.88,11.48
6.882,10.921
6.884,8.777
6.886,6.016
6.888,3.002
6.89,-0.434
6.892,-3.779
6.894,-7.355
6.896,-10.594
6.898,-13.416
6.9,-16.24
6.902,-17.714
6.904,-17.625
6.906,-16.464
6.908,-13.631
6.91,-10.249
6.912,-6.402
6.914,-2.353
6.916,1.509
6.918,5.101
6.92,7.987
6.922,9.921
6.924,11.872
6.926,13.173
6.928,13.92
6.93,14.676
6.932,14.746
6.934,14.542
6.936,13.489
6.938,12.177
6.94,10.494
6.942,9.44
6.944,8.256
6.946,8.17
6.948,7.714
6.95,6.928
6.952,6.16
6.954,5.092
6.956,3.174
6.958,1.89
6.96,0.532
6.962,0.278
6.964,0.537
6.966,0.845
6.968,0.24
6.97,-0.226
6.972,-1.28
6.974,-2.908
6.976,-3.776
6.978,-5.108
6.98,-5.8
6.982,-6.393
6.984,-7.177
6.986,-7.417
6.988,-7.544
6.99,-7.638
6.992,-8.016
6.994,-7.458
6.996,-6.96
6.998,-6.138
7,-5.317
7.002,-4.447
7.004,-3.842
7.006,-3.417
7.008,-2.38
7.01,-1.046
7.012,0.579
7.014,2.567
7.016,6.001
7.018,8.457
7.02,11.334
7.022,13.122
7.024,13.868
7.026,13.953
7.028,12.613
7.03,10.695
7.032,8.218
7.034,5.616
7.036,3.063
7.038,0.822
7.04,-0.536
7.042,-1.595
7.044,-1.909
7.046,-1.811
7.048,-1.407
7.05,-1.327
7.052,-1.482
7.054,-2.673
7.056,-3.491
7.058,-4.694
7.06,-5.453
7.062,-6.331
7.064,-6.762
7.066,-7.383
7.068,-7.456
7.07,-7.557
7.072,-7.725
7.074,-7.262
7.076,-6.524
7.078,-5.985
7.08,-5.955
7.082,-6.105
7.084,-6.616
7.086,-7.601
7.088,-8.702
7.09,-9.259
7.092,-9.537
7.094,-9.417
7.096,-8.218
7.098,-6.69
7.1,-5.247
7.102,-3.639
7.104,-1.559
7.106,0.888
7.108,2.707
7.11,4.195
7.112,3.729
7.114,1.504
7.116,-2.312
7.118,-7.031
7.12,-13.336
7.122,-18.397
7.124,-24.078
7.126,-27.311
7.128,-30.257
7.13,-31.123
7.132,-31.172
7.134,-30.375
7.136,-29.456
7.138,-28.875
7.14,-27.009
7.142,-26.132
7.144,-24.01
7.146,-21.983
7.148,-20.071
7.15,-17.502
7.152,-16.033
7.154,-13.722
7.156,-11.675
7.158,-8.862
7.16,-6.816
7.162,-4.048
7.164,-1.937
7.166,-0.853
7.168,-0.453
7.17,-0.767
7.172,-1.24
7.174,-1.2
7.176,-1.015
7.178,-1.64
7.18,-2.523
7.182,-5.343
7.184,-7.887
7.186,-10.255
7.188,-12.297
7.19,-12.168
7.192,-10.744
7.194,-8.976
7.196,-5.96
7.198,-3.512
7.2,-1.613
7.202,-0.101
7.204,-0.517
7.206,-1.04
7.208,-1.461
7.21,-1.897
7.212,-1.188
7.214,-0.912
7.216,1.13
7.218,2.646
7.22,5.108
7.222,8.533
7.224,11.305
7.226,14.034
7.228,16.54
7.23,18.246
7.232,19.09
7.234,19.718
7.236,19.499
7.238,19.913
7.24,20.041
7.242,21.495
7.244,22.901
7.246,23.673
7.248,24.628
7.25,23.869
7.252,22.595
7.254,20.27
7.256,18.151
7.258,15.634
7.26,14.239
7.262,13.592
7.264,13.899
7.266,14.571
7.268,15.888
7.27,16.309
7.272,17.238
7.274,17.135
7.276,16.278
7.278,15.413
7.28,14.01
7.282,12.482
7.284,11.497
7.286,10.463
7.288,10.666
7.29,10.204
7.292,10.545
7.294,12.036
7.296,11.817
7.298,12.891
7.3,12.171
7.302,10.987
7.304,10.279
7.306,7.879
7.308,6.394
7.31,3.936
7.312,2.02
7.314,0.088
7.316,-2.214
7.318,-2.936
7.32,-3.66
7.322,-3.978
7.324,-2.926
7.326,-2.298
7.328,0.427
7.33,2.175
7.332,5.201
7.334,7.192
7.336,8.901
7.338,10.357
7.34,10.037
7.342,9.872
7.344,8.539
7.346,6.27
7.348,4.186
7.35,1.811
7.352,-0.442
7.354,-3.419
7.356,-4.776
7.358,-7.397
7.36,-8.351
7.362,-8.532
7.364,-7.886
7.366,-7.1
7.368,-5.813
7.37,-5.151
7.372,-4.235
7.374,-2.909
7.376,-1.666
7.378,0.443
7.38,3.251
7.382,6.431
7.384,8.861
7.386,10.622
7.388,12.28
7.39,12.923
7.392,13.236
7.394,13.747
7.396,14.058
7.398,14.34
7.4,14.798
7.402,15.024
7.404,14.664
7.406,14.268
7.408,13.328
7.41,12.224
7.412,10.945
7.414,10.269
7.416,8.87
7.418,8.18
7.42,7.715
7.422,6.429
7.424,6.359
7.426,4.984
7.428,4.23
7.43,2.506
7.432,1.551
7.434,0.354
7.436,-0.773
7.438,-3.135
7.44,-5.704
7.442,-7.813
7.444,-10.014
7.446,-12.952
7.448,-14.647
7.45,-15.96
7.452,-16.582
7.454,-16.563
7.456,-15.856
7.458,-14.884
7.46,-12.825
7.462,-11.451
7.464,-9.07
7.466,-7.453
7.468,-5.944
7.47,-4.878
7.472,-3.914
7.474,-4.562
7.476,-4.716
7.478,-5.751
7.48,-6.672
7.482,-8.017
7.484,-8.7
7.486,-9.643
7.488,-10.633
7.49,-12.25
7.492,-13.054
7.494,-13.763
7.496,-14.986
7.498,-14.826
7.5,-15.709
7.502,-15.714
7.504,-15.451
7.506,-14.648
7.508,-13.117
7.51,-11.244
7.512,-8.427
7.514,-5.812
7.516,-4.16
7.518,-2.467
7.52,-2.123
7.522,-2.293
7.524,-2.839
7.526,-3.931
7.528,-3.922
7.53,-2.963
7.532,-2.72
7.534,-1.138
7.536,1.276
7.538,3.157
7.54,5.09
7.542,6.089
7.544,6.808
7.546,6.842
7.548,6.496
7.55,5.933
7.552,5.991
7.554,5.946
7.556,5.975
7.558,5.935
7.56,6.814
7.562,6.931
7.564,6.406
7.566,5.893
7.568,4.489
7.57,2.383
7.572,0.255
7.574,-1.994
7.576,-3.993
7.578,-6.551
7.58,-7.26
7.582,-7.888
7.584,-7.248
7.586,-6.386
7.588,-5.05
7.59,-4.061
7.592,-3.198
7.594,-2.58
7.596,-1.821
7.598,-1.448
7.6,-0.492
7.602,0.343
7.604,1.437
7.606,1.838
7.608,2.263
7.61,2.093
7.612,0.969
7.614,-0.43
7.616,-2.259
7.618,-4.027
7.62,-5.788
7.622,-6.268
7.624,-5.595
7.626,-5.09
7.628,-3.083
7.63,-0.761
7.632,0.786
7.634,1.155
7.636,2.952
7.638,3.176
7.64,3.024
7.642,2.751
7.644,3.198
7.646,2.451
7.648,2.18
7.65,1.142
7.652,-0.337
7.654,-2.287
7.656,-3.85
7.658,-6.316
7.66,-8.052
7.662,-10.095
7.664,-11.465
7.666,-11.506
7.668,-10.756
7.67,-9.053
7.672,-6.497
7.674,-4.453
7.676,-1.967
7.678,-0.438
7.68,0.722
7.682,1.702
7.684,2.122
7.686,2.51
7.688,2.838
7.69,3.005
7.692,3.141
7.694,4.099
7.696,5.196
7.698,6.284
7.7,7.995
7.702,9.085
7.704,11.189
7.706,12.121
7.708,12
7.71,11.128
7.712,9.617
7.714,6.875
7.716,5.581
7.718,4.162
7.72,3.28
7.722,2.453
7.724,1.33
7.726,-0.277
7.728,-1.899
7.73,-2.302
7.732,-1.978
7.734,-0.773
7.736,0.672
7.738,2.116
7.74,3.197
7.742,3.86
7.744,3.765
7.746,3.47
7.748,2.845
7.75,2.746
7.752,2.364
7.754,1.634
7.756,1.327
7.758,0.353
7.76,-0.294
7.762,-0.647
7.764,-0.974
7.766,-0.174
7.768,0.817
7.77,1.731
7.772,2.675
7.774,4.134
7.776,4.798
7.778,3.677
7.78,3.295
7.782,1.717
7.784,-0.867
7.786,-2.414
7.788,-3.411
7.79,-5.923
7.792,-7.967
7.794,-7.822
7.796,-7.469
7.798,-7.538
7.8,-6.105
7.802,-5.266
7.804,-4.582
7.806,-3.68
7.808,-3.219
7.81,-4.004
7.812,-4.366
7.814,-6.713
7.816,-7.499
7.818,-8.984
7.82,-8.563
7.822,-8.605
7.824,-7.347
7.826,-4.905
7.828,-2.768
7.83,-0.631
7.832,1.207
7.834,3.135
7.836,4.543
7.838,6.233
7.84,8.463
7.842,10.723
7.844,12.809
7.846,14.68
7.848,15.122
7.85,15.462
7.852,15.087
7.854,14.664
7.856,14.129
7.858,13.683
7.86,13.113
7.862,11.267
7.864,9.069
7.866,6.235
7.868,3.333
7.87,0.972
7.872,-0.777
7.874,-1.924
7.876,-2.555
7.878,-2.663
7.88,-2.203
7.882,-1.901
7.884,-2.017
7.886,-0.782
7.888,-0.105
7.89,0.998
7.892,2.378
7.894,3.285
7.896,4.566
7.898,5.051
7.9,6.523
7.902,6.899
7.904,8.309
7.906,10.194
7.908,11.938
7.91,14.07
7.912,15.551
7.914,16.616
7.916,17.453
7.918,17.079
7.92,15.812
7.922,14.527
7.924,12.708
7.926,9.591
7.928,6.392
7.93,3.558
7.932,0.961
7.934,-1.972
7.936,-3.699
7.938,-4.56
7.94,-4.945
7.942,-5.335
7.944,-4.366
7.946,-3.966
7.948,-3.152
7.95,-2.187
7.952,-1.37
7.954,-0.342
7.956,-0.181
7.958,0.039
7.96,-0.684
7.962,-1.302
7.964,-2.533
7.966,-4.01
7.968,-4.385
7.97,-5.424
7.972,-5.119
7.974,-5.032
7.976,-3.193
7.978,-1.711
7.98,0.738
7.982,3.434
7.984,6.637
7.986,9.687
7.988,11.843
7.99,13.043
7.992,13.405
7.994,12.394
7.996,10.836
7.998,9.188
8,8.31
8.002,7.149
8.004,6.222
8.006,6.071
8.008,6.641
8.01,7.881
8.012,9.838
8.014,11.998
8.016,13.79
8.018,14.759
8.02,13.955
8.022,12.96
8.024,11.856
8.026,10.385
8.028,10.461
8.03,9.308
8.032,9.294
8.034,7.701
8.036,7.066
8.038,5.853
8.04,4.343
8.042,3.213
8.044,2.278
8.046,1.656
8.048,2.25
8.05,2.451
8.052,2.339
8.054,2.453
8.056,3.165
8.058,3.422
8.06,4.285
8.062,4.004
8.064,4.518
8.066,4.767
8.068,4.846
8.07,6.582
8.072,6.596
8.074,6.774
8.076,7.507
8.078,7.598
8.08,7.885
8.082,8.322
8.084,7.522
8.086,6.922
8.088,6.212
8.09,5.072
8.092,5.476
8.094,6.546
8.096,8.465
8.098,11.771
8.1,15.709
8.102,18.197
8.104,20.221
8.106,22.179
8.108,22.526
8.11,20.708
8.112,17.724
8.114,14.922
8.116,12.738
8.118,10.494
8.12,9.216
8.122,8.837
8.124,8.285
8.126,8.59
8.128,7.793
8.13,6.949
8.132,6.433
8.134,5.804
8.136,5.608
8.138,6.021
8.14,7.321
8.142,9.364
8.144,11.023
8.146,14.065
8.148,17.2
8.15,19.989
8.152,22.868
8.154,24.29
8.156,24.302
8.158,23.506
8.16,23.011
8.162,19.861
8.164,18.421
8.166,15.394
8.168,13.245
8.17,12.918
8.172,10.679
8.174,10.925
8.176,9.221
8.178,10.934
8.18,10.67
8.182,11.505
8.184,11.972
8.186,11.776
8.188,12.163
8.19,11.497
8.192,13.162
8.194,14.26
8.196,15.424
8.198,17.682
8.2,18.545
8.202,17.719
8.204,16.049
8.206,15.004
8.208,12.97
8.21,10.645
8.212,8.895
8.214,7.388
8.216,6.127
8.218,3.688
8.22,1.703
8.222,-0.466
8.224,-1.767
8.226,-2.398
8.228,-2.523
8.23,-2.639
8.232,-2.295
8.234,-2.048
8.236,-2.398
8.238,-3.012
8.24,-3.632
8.242,-3.532
8.244,-3.223
8.246,-1.701
8.248,0.28
8.25,1.539
8.252,2.437
8.254,3.045
8.256,2.673
8.258,1.819
8.26,0.749
8.262,-0.581
8.264,-2.003
8.266,-3.131
8.268,-3.323
8.27,-3.144
8.272,-1.806
8.274,0.518
8.276,3.16
8.278,6.057
8.28,9.489
8.282,12.067
8.284,14.715
8.286,15.837
8.288,16.648
8.29,15.876
8.292,14.38
8.294,11.775
8.296,10.049
8.298,7.748
8.3,6.08
8.302,4.805
8.304,4.565
8.306,4.483
8.308,4.508
8.31,4.127
8.312,3.365
8.314,2.357
8.316,1.337
8.318,-0.231
8.32,0.059
8.322,-0.841
8.324,-1.793
8.326,-2.048
8.328,-2.328
8.33,-2.602
8.332,-2.976
8.334,-3.158
8.336,-3.669
8.338,-3.745
8.34,-3.672
8.342,-3.238
8.344,-2.718
8.346,-2.269
8.348,-0.855
8.35,-0.207
8.352,1.239
8.354,1.727
8.356,1.68
8.358,2.245
8.36,2.117
8.362,2.311
8.364,2.573
8.366,2.948
8.368,3.93
8.37,5.247
8.372,6.259
8.374,7.158
8.376,6.675
8.378,5.626
8.38,3.725
8.382,1.149
8.384,-1.779
8.386,-5.103
8.388,-8.588
8.39,-10.199
8.392,-13.95
8.394,-17.186
8.396,-16.985
8.398,-17.398
8.4,-18.314
8.402,-16.993
8.404,-15.758
8.406,-14.799
8.408,-15.573
8.41,-16.192
8.412,-17.146
8.414,-17.022
8.416,-17.077
8.418,-17.66
8.42,-18.049
8.422,-17.799
8.424,-17.463
8.426,-17.69
8.428,-17.222
8.43,-16.25
8.432,-14.938
8.434,-12.907
8.436,-11.877
8.438,-10.06
8.44,-8.86
8.442,-7.764
8.444,-6.634
8.446,-5.644
8.448,-5.246
8.45,-4.767
8.452,-3.66
8.454,-2.727
8.456,-1.637
8.458,-0.502
8.46,0.853
8.462,2.097
8.464,2.586
8.466,2.892
8.468,2.849
8.47,2.752
8.472,2.631
8.474,2.147
8.476,1.479
8.478,0.402
8.48,-0.51
8.482,-2.592
8.484,-4.786
8.486,-5.868
8.488,-6.985
8.49,-7.786
8.492,-7.765
8.494,-7.133
8.496,-6.843
8.498,-7.079
8.5,-7.57
8.502,-8.639
8.504,-10.174
8.506,-11.561
8.508,-12.938
8.51,-13.89
8.512,-14.041
8.514,-13.003
8.516,-11.981
8.518,-10.422
8.52,-8.338
8.522,-5.868
8.524,-3.724
8.526,-2.442
8.528,-1.828
8.53,-1.702
8.532,-2.877
8.534,-4.869
8.536,-6.692
8.538,-8.742
8.54,-9.191
8.542,-9.17
8.544,-8.351
8.546,-7.239
8.548,-6.342
8.55,-5.893
8.552,-5.867
8.554,-6.768
8.556,-6.457
8.558,-7.657
8.56,-9.967
8.562,-11.377
8.564,-13.18
8.566,-15.916
8.568,-16.551
8.57,-18.986
8.572,-19.367
8.574,-20.174
8.576,-19.917
8.578,-18.794
8.58,-18.422
8.582,-17.062
8.584,-16.493
8.586,-15.519
8.588,-14.472
8.59,-13.367
8.592,-12.616
8.594,-11.366
8.596,-11.132
8.598,-9.776
8.6,-8.948
8.602,-7.704
8.604,-7.1
8.606,-6.809
8.608,-6.586
8.61,-7.022
8.612,-6.667
8.614,-7.794
8.616,-7.919
8.618,-8.599
8.62,-8.656
8.622,-8.715
8.624,-8.439
8.626,-8.059
8.628,-6.506
8.63,-5.24
8.632,-4.092
8.634,-3.887
8.636,-4.975
8.638,-6.32
8.64,-8.071
8.642,-10.32
8.644,-10.641
8.646,-11.357
8.648,-11.131
8.65,-10.486
8.652,-10.242
8.654,-9.529
8.656,-9.817
8.658,-9.144
8.66,-9.446
8.662,-9.763
8.664,-10.4
8.666,-11.267
8.668,-11.615
8.67,-12.6
8.672,-12.731
8.674,-12.574
8.676,-11.996
8.678,-11.659
8.68,-11.007
8.682,-9.573
8.684,-8.603
8.686,-8.033
8.688,-6.359
8.69,-5.094
8.692,-3.015
8.694,-1.224
8.696,0.423
8.698,2.748
8.7,4.488
8.702,5.386
8.704,6.211
8.706,7.02
8.708,6.749
8.71,6.796
8.712,7.206
8.714,7.437
8.716,7.93
8.718,8.827
8.72,9.187
8.722,9.007
8.724,8.268
8.726,7.287
8.728,4.805
8.73,2.303
8.732,0.618
8.734,-1.55
8.736,-3.039
8.738,-3.576
8.74,-2.839
8.742,-0.76
8.744,1.167
8.746,4.157
8.748,7.053
8.75,10.75
8.752,12.784
8.754,15.938
8.756,17.582
8.758,19.535
8.76,21.131
8.762,22.706
8.764,23.602
8.766,24.785
8.768,25.337
8.77,25.664
8.772,24.564
8.774,23.59
8.776,21.968
8.778,19.599
8.78,17.266
8.782,14.429
8.784,12.553
8.786,9.861
8.788,8.762
8.79,9.489
8.792,9.518
8.794,9.408
8.796,8.954
8.798,7.445
8.8,5.948
8.802,5.489
8.804,3.418
8.806,2.944
8.808,2.265
8.81,2.117
8.812,0.673
8.814,0.008
8.816,-1.244
8.818,-2.108
8.82,-3.017
8.822,-3.531
8.824,-4.198
8.826,-4.559
8.828,-4.624
8.83,-5.335
8.832,-6.034
8.834,-6.781
8.836,-7.81
8.838,-9.351
8.84,-9.936
8.842,-11.948
8.844,-13.606
8.846,-14.867
8.848,-17.168
8.85,-18.711
8.852,-20.313
8.854,-22.173
8.856,-23.134
8.858,-23.964
8.86,-23.607
8.862,-23.039
8.864,-22.53
8.866,-20.632
8.868,-19.982
8.87,-17.748
8.872,-16.1
8.874,-14.512
8.876,-13.387
8.878,-12.797
8.88,-11.37
8.882,-10.773
8.884,-10.198
8.886,-8.906
8.888,-7.431
8.89,-5.853
8.892,-4.329
8.894,-1.928
8.896,-0.492
8.898,1.582
8.9,2.435
8.902,2.88
8.904,2.256
8.906,0.672
8.908,-0.97
8.91,-2.594
8.912,-4.656
8.914,-5.598
8.916,-6.701
8.918,-7.368
8.92,-7.963
8.922,-8.996
8.924,-10.695
8.926,-12.023
8.928,-13.746
8.93,-14.862
8.932,-15.062
8.934,-14.966
8.936,-14.683
8.938,-12.963
8.94,-11.884
8.942,-10.478
8.944,-8.764
8.946,-7.013
8.948,-4.764
8.95,-2.688
8.952,-1.653
8.954,-0.987
8.956,-0.939
8.958,-1.097
8.96,-2.442
8.962,-3.468
8.964,-4.51
8.966,-5.789
8.968,-7.19
8.97,-8.559
8.972,-10.049
8.974,-10.697
8.976,-10.678
8.978,-9.644
8.98,-8.257
8.982,-7.345
8.984,-5.288
8.986,-3.697
8.988,-2.515
8.99,-2.114
8.992,-2.038
8.994,-3.145
8.996,-4.463
8.998,-5.931
9,-7.468
9.002,-8.507
9.004,-9.2
9.006,-9.093
9.008,-8.752
9.01,-7.462
9.012,-6.75
9.014,-5.917
9.016,-4.6
9.018,-3.896
9.02,-3.004
9.022,-2.704
9.024,-2.928
9.026,-3.503
9.028,-5.017
9.03,-5.975
9.032,-6.896
9.034,-7.001
9.036,-6.799
9.038,-5.489
9.04,-4.332
9.042,-2.972
9.044,-1.566
9.046,-0.569
9.048,0.285
9.05,1.42
9.052,2.147
9.054,2.658
9.056,3.084
9.058,3.443
9.06,3.321
9.062,3.228
9.064,2.266
9.066,0.631
9.068,-1.144
9.07,-3.197
9.072,-5.002
9.074,-6.062
9.076,-6.486
9.078,-6.214
9.08,-5.533
9.082,-4.866
9.084,-4.264
9.086,-4.059
9.088,-3.95
9.09,-4.405
9.092,-5.268
9.094,-6.729
9.096,-8.809
9.098,-10.493
9.1,-11.834
9.102,-11.705
9.104,-10.558
9.106,-7.42
9.108,-3.825
9.11,0.75
9.112,4.749
9.114,6.61
9.116,7.767
9.118,7.734
9.12,5.083
9.122,3.823
9.124,1.012
9.126,-1.673
9.128,-3.348
9.13,-3.583
9.132,-4.077
9.134,-3.317
9.136,-2.043
9.138,-0.664
9.14,1.101
9.142,2.616
9.144,3.174
9.146,3.066
9.148,2.504
9.15,1.311
9.152,0.42
9.154,-0.275
9.156,-1.627
9.158,-1.597
9.16,-1.48
9.162,-1.502
9.164,-1.574
9.166,-2.479
9.168,-3.498
9.17,-5.1
9.172,-6.057
9.174,-7.802
9.176,-8.322
9.178,-7.81
9.18,-6.765
9.182,-6.184
9.184,-4.261
9.186,-2.642
9.188,-0.976
9.19,0.795
9.192,1.501
9.194,1.734
9.196,1.046
9.198,-0.709
9.2,-4.01
9.202,-7.23
9.204,-10.452
9.206,-12.832
9.208,-14.438
9.21,-13.977
9.212,-14.097
9.214,-13.67
9.216,-12.257
9.218,-10.68
9.22,-7.733
9.222,-7.127
9.224,-5.567
9.226,-5.679
9.228,-5.771
9.23,-6.471
9.232,-7.467
9.234,-8.684
9.236,-9.372
9.238,-9.49
9.24,-9.03
9.242,-8.343
9.244,-7.149
9.246,-5.101
9.248,-3.761
9.25,-2.342
9.252,-0.325
9.254,1.392
9.256,2.706
9.258,4.338
9.26,6.124
9.262,7.448
9.264,9.096
9.266,9.373
9.268,9.825
9.27,9.432
9.272,9.017
9.274,8.686
9.276,8.711
9.278,8.55
9.28,8.894
9.282,9.169
9.284,9.351
9.286,9.524
9.288,9.474
9.29,9.289
9.292,9.22
9.294,9.188
9.296,8.539
9.298,8.097
9.3,7.521
9.302,6.974
9.304,7.554
9.306,8.036
9.308,9.073
9.31,10.33
9.312,11.579
9.314,12.387
9.316,13.632
9.318,13.248
9.32,13.395
9.322,13.583
9.324,14.083
9.326,14.071
9.328,14.671
9.33,15.187
9.332,14.817
9.334,14.652
9.336,12.564
9.338,10.464
9.34,7.419
9.342,4.802
9.344,2.346
9.346,0.587
9.348,-0.357
9.35,-1.384
9.352,-2.28
9.354,-2.469
9.356,-3.7
9.358,-3.786
9.36,-3.455
9.362,-2.46
9.364,-1.31
9.366,0.417
9.368,2.263
9.37,4.265
9.372,5.718
9.374,7.61
9.376,8.819
9.378,10.862
9.38,11.755
9.382,13.274
9.384,14.368
9.386,13.805
9.388,13.654
9.39,12.153
9.392,10.002
9.394,8.696
9.396,7.744
9.398,6.805
9.4,6.107
9.402,5.353
9.404,4.796
9.406,4.356
9.408,4.052
9.41,4.518
9.412,5.614
9.414,7.632
9.416,10.471
9.418,13.007
9.42,15.297
9.422,16.709
9.424,16.903
9.426,17.152
9.428,18.181
9.43,18.562
9.432,18.946
9.434,18.614
9.436,18.725
9.438,17.903
9.44,17.169
9.442,15.908
9.444,15.284
9.446,14.392
9.448,13.734
9.45,13.07
9.452,11.337
9.454,9.48
9.456,8.689
9.458,7.755
9.46,7.389
9.462,7.231
9.464,7.054
9.466,6.969
9.468,6.523
9.47,6.31
9.472,6.665
9.474,7.254
9.476,8.488
9.478,10.983
9.48,14.061
9.482,17.254
9.484,20.407
9.486,22.81
9.488,25.544
9.49,26.136
9.492,27.102
9.494,26.109
9.496,23.751
9.498,20.814
9.5,17.56
9.502,14.351
9.504,11.255
9.506,8.711
9.508,5.636
9.51,5.118
9.512,5.358
9.514,6.709
9.516,9.102
9.518,12.055
9.52,15.635
9.522,18.26
9.524,20.331
9.526,21.82
9.528,20.752
9.53,19.938
9.532,17.334
9.534,13.875
9.536,10.167
9.538,5.997
9.54,2.631
9.542,-1.054
9.544,-3.539
9.546,-5.762
9.548,-6.864
9.55,-6.854
9.552,-6.737
9.554,-5.783
9.556,-4.963
9.558,-4.26
9.56,-4.696
9.562,-5.8
9.564,-6.982
9.566,-8.172
9.568,-9.088
9.57,-9.822
9.572,-9.297
9.574,-8.72
9.576,-8.707
9.578,-7.71
9.58,-7.535
9.582,-7.339
9.584,-6.63
9.586,-6.447
9.588,-5.362
9.59,-4.46
9.592,-3.531
9.594,-2.704
9.596,-2.28
9.598,-2.727
9.6,-3.015
9.602,-4.371
9.604,-5.933
9.606,-7.115
9.608,-8.443
9.61,-9.783
9.612,-11.139
9.614,-11.667
9.616,-12.53
9.618,-12.648
9.62,-12.767
9.622,-12.374
9.624,-11.092
9.626,-9.963
9.628,-8.441
9.63,-6.808
9.632,-5.934
9.634,-4.218
9.636,-3.429
9.638,-3.389
9.64,-2.51
9.642,-3.029
9.644,-2.577
9.646,-2.601
9.648,-2.108
9.65,-1.527
9.652,-0.316
9.654,1.273
9.656,3.019
9.658,5.052
9.66,7.08
9.662,8.947
9.664,10.281
9.666,11.237
9.668,10.88
9.67,10.247
9.672,9.567
9.674,7.217
9.676,5.17
9.678,3.331
9.68,1.726
9.682,0.706
9.684,0.651
9.686,0.21
9.688,0.516
9.69,0.412
9.692,0.272
9.694,-0.236
9.696,-0.9
9.698,-0.669
9.7,-0.816
9.702,0.334
9.704,1.33
9.706,2.277
9.708,1.691
9.71,1.472
9.712,0.119
9.714,-0.976
9.716,-2.107
9.718,-3.021
9.72,-3.187
9.722,-2.586
9.724,-1.02
9.726,0.608
9.728,2.923
9.73,5.207
9.732,6.298
9.734,5.974
9.736,4.359
9.738,1.564
9.74,-1.754
9.742,-4.908
9.744,-8.464
9.746,-10.59
9.748,-11.356
9.75,-12.149
9.752,-12.525
9.754,-11.562
9.756,-11.743
9.758,-10.189
9.76,-8.845
9.762,-8.081
9.764,-7.847
9.766,-8.518
9.768,-9.936
9.77,-10.175
9.772,-10.199
9.774,-10.544
9.776,-10.313
9.778,-9.885
9.78,-10.067
9.782,-10.615
9.784,-12.167
9.786,-12.917
9.788,-13.532
9.79,-13.304
9.792,-12.185
9.794,-10.458
9.796,-8.244
9.798,-6.291
9.8,-3.626
9.802,-1.921
9.804,-0.082
9.806,0.3
9.808,0.467
9.81,0.083
9.812,-1.838
9.814,-3.059
9.816,-5.273
9.818,-7.569
9.82,-8.161
9.822,-8.834
9.824,-8.637
9.826,-7.445
9.828,-5.709
9.83,-3.067
9.832,0.166
9.834,3.599
9.836,7.236
9.838,10.039
9.84,11.879
9.842,11.98
9.844,11.158
9.846,9.593
9.848,8.162
9.85,6.878
9.852,6.617
9.854,7.505
9.856,9.02
9.858,10.969
9.86,13.579
9.862,15.987
9.864,17.979
9.866,18.904
9.868,19.541
9.87,18.662
9.872,17.071
9.874,14.644
9.876,11.632
9.878,9.323
9.88,7.479
9.882,7.262
9.884,8.394
9.886,9.757
9.888,11.197
9.89,11.734
9.892,11.182
9.894,9.43
9.896,7.446
9.898,5.524
9.9,4.233
9.902,3.863
9.904,4.854
9.906,4.547
9.908,5.089
9.91,4.356
9.912,4.413
9.914,3.84
9.916,3.155
9.918,2.258
9.92,1.102
9.922,-1.071
9.924,-3.264
9.926,-5.814
9.928,-8.206
9.93,-9.532
9.932,-9.64
9.934,-8.427
9.936,-7.609
9.938,-6.195
9.94,-6.039
9.942,-6.32
9.944,-7.944
9.946,-9.438
9.948,-10.929
9.95,-11.84
9.952,-11.672
9.954,-10.338
9.956,-9.346
9.958,-7.888
9.96,-6.021
9.962,-5.047
9.964,-4.239
9.966,-3.949
9.968,-3.813
9.97,-4.207
9.972,-5.276
9.974,-6.834
9.976,-8.365
9.978,-10.562
9.98,-11.557
9.982,-12.661
9.984,-12.327
9.986,-11.409
9.988,-9.458
9.99,-6.759
9.992,-4.332
9.994,-2.308
9.996,-1.447
9.998,-1.91
